[{"model": "admin.logentry", "pk": 1, "fields": {"action_time": "2023-05-19T04:04:45.131Z", "user": 1, "content_type": 8, "object_id": "1", "object_repr": "Valle del Cauca", "action_flag": 1, "change_message": "[{\"added\": {}}]"}}, {"model": "admin.logentry", "pk": 2, "fields": {"action_time": "2023-05-19T04:04:54.085Z", "user": 1, "content_type": 7, "object_id": "1", "object_repr": "Tuluá", "action_flag": 1, "change_message": "[{\"added\": {}}]"}}, {"model": "admin.logentry", "pk": 3, "fields": {"action_time": "2023-05-19T19:46:08.817Z", "user": 1, "content_type": 11, "object_id": "1", "object_repr": "Laptop", "action_flag": 1, "change_message": "[{\"added\": {}}]"}}, {"model": "admin.logentry", "pk": 4, "fields": {"action_time": "2023-05-19T19:46:56.854Z", "user": 1, "content_type": 10, "object_id": "1", "object_repr": "MSI", "action_flag": 1, "change_message": "[{\"added\": {}}]"}}, {"model": "admin.logentry", "pk": 5, "fields": {"action_time": "2023-05-19T19:47:55.064Z", "user": 1, "content_type": 15, "object_id": "1", "object_repr": "Katana 17 B13VEK 17.3″", "action_flag": 1, "change_message": "[{\"added\": {}}, {\"added\": {\"name\": \"foto de los productos\", \"object\": \"Katana 17 B13VEK 17.3\\u2033 photo\"}}, {\"added\": {\"name\": \"foto de los productos\", \"object\": \"Katana 17 B13VEK 17.3\\u2033 photo\"}}, {\"added\": {\"name\": \"foto de los productos\", \"object\": \"Katana 17 B13VEK 17.3\\u2033 photo\"}}]"}}, {"model": "admin.logentry", "pk": 6, "fields": {"action_time": "2023-05-19T19:49:37.012Z", "user": 1, "content_type": 13, "object_id": "1", "object_repr": "Día del padre (25% off)", "action_flag": 1, "change_message": "[{\"added\": {}}]"}}, {"model": "admin.logentry", "pk": 7, "fields": {"action_time": "2023-05-19T20:00:34.915Z", "user": 1, "content_type": 21, "object_id": "1", "object_repr": "Katana 17 B13VEK 17.3″ (25.00% off)", "action_flag": 1, "change_message": "[{\"added\": {}}]"}}, {"model": "admin.logentry", "pk": 8, "fields": {"action_time": "2023-05-20T01:06:38.429Z", "user": 1, "content_type": 8, "object_id": "2", "object_repr": "Valle del Cauca", "action_flag": 1, "change_message": "[{\"added\": {}}]"}}, {"model": "admin.logentry", "pk": 9, "fields": {"action_time": "2023-05-20T01:06:47.779Z", "user": 1, "content_type": 7, "object_id": "2", "object_repr": "Tuluá", "action_flag": 1, "change_message": "[{\"added\": {}}]"}}, {"model": "admin.logentry", "pk": 10, "fields": {"action_time": "2023-05-22T22:56:51.967Z", "user": 1, "content_type": 16, "object_id": "2", "object_repr": "Shopping cart of anferubu - #2", "action_flag": 1, "change_message": "[{\"added\": {}}, {\"added\": {\"name\": \"productos del carrito de compras\", \"object\": \"Katana 17 B13VEK 17.3\\u2033 of anferubu cart\"}}]"}}, {"model": "admin.logentry", "pk": 11, "fields": {"action_time": "2023-05-22T22:58:03.685Z", "user": 1, "content_type": 14, "object_id": "1", "object_repr": "Tarjeta de crédito", "action_flag": 1, "change_message": "[{\"added\": {}}]"}}, {"model": "admin.logentry", "pk": 12, "fields": {"action_time": "2023-05-22T23:00:36.317Z", "user": 1, "content_type": 19, "object_id": "1", "object_repr": "Order #1 de anferubu", "action_flag": 1, "change_message": "[{\"added\": {}}]"}}, {"model": "admin.logentry", "pk": 13, "fields": {"action_time": "2023-05-27T22:25:11.429Z", "user": 1, "content_type": 11, "object_id": "2", "object_repr": "Teclado", "action_flag": 1, "change_message": "[{\"added\": {}}]"}}, {"model": "admin.logentry", "pk": 14, "fields": {"action_time": "2023-05-27T22:25:24.879Z", "user": 1, "content_type": 10, "object_id": "2", "object_repr": "HP", "action_flag": 1, "change_message": "[{\"added\": {}}]"}}, {"model": "admin.logentry", "pk": 15, "fields": {"action_time": "2023-05-27T22:26:26.560Z", "user": 1, "content_type": 15, "object_id": "2", "object_repr": "Teclado genérico", "action_flag": 1, "change_message": "[{\"added\": {}}]"}}, {"model": "admin.logentry", "pk": 16, "fields": {"action_time": "2023-05-27T22:47:27.875Z", "user": 1, "content_type": 13, "object_id": "2", "object_repr": "Independencia de Colombia (19% off)", "action_flag": 1, "change_message": "[{\"added\": {}}]"}}, {"model": "admin.logentry", "pk": 17, "fields": {"action_time": "2023-05-27T22:48:13.413Z", "user": 1, "content_type": 15, "object_id": "2", "object_repr": "Teclado genérico", "action_flag": 2, "change_message": "[{\"added\": {\"name\": \"producto con descuento\", \"object\": \"Teclado gen\\u00e9rico (25.00% off)\"}}]"}}, {"model": "admin.logentry", "pk": 18, "fields": {"action_time": "2023-05-27T22:49:46.517Z", "user": 1, "content_type": 15, "object_id": "2", "object_repr": "Teclado genérico", "action_flag": 2, "change_message": "[]"}}, {"model": "admin.logentry", "pk": 19, "fields": {"action_time": "2023-06-04T06:20:20.658Z", "user": 1, "content_type": 15, "object_id": "30", "object_repr": "240 G7", "action_flag": 2, "change_message": "[{\"changed\": {\"fields\": [\"Cantidad\"]}}]"}}, {"model": "auth.permission", "pk": 1, "fields": {"name": "Can add log entry", "content_type": 1, "codename": "add_logentry"}}, {"model": "auth.permission", "pk": 2, "fields": {"name": "Can change log entry", "content_type": 1, "codename": "change_logentry"}}, {"model": "auth.permission", "pk": 3, "fields": {"name": "Can delete log entry", "content_type": 1, "codename": "delete_logentry"}}, {"model": "auth.permission", "pk": 4, "fields": {"name": "Can view log entry", "content_type": 1, "codename": "view_logentry"}}, {"model": "auth.permission", "pk": 5, "fields": {"name": "Can add permission", "content_type": 2, "codename": "add_permission"}}, {"model": "auth.permission", "pk": 6, "fields": {"name": "Can change permission", "content_type": 2, "codename": "change_permission"}}, {"model": "auth.permission", "pk": 7, "fields": {"name": "Can delete permission", "content_type": 2, "codename": "delete_permission"}}, {"model": "auth.permission", "pk": 8, "fields": {"name": "Can view permission", "content_type": 2, "codename": "view_permission"}}, {"model": "auth.permission", "pk": 9, "fields": {"name": "Can add group", "content_type": 3, "codename": "add_group"}}, {"model": "auth.permission", "pk": 10, "fields": {"name": "Can change group", "content_type": 3, "codename": "change_group"}}, {"model": "auth.permission", "pk": 11, "fields": {"name": "Can delete group", "content_type": 3, "codename": "delete_group"}}, {"model": "auth.permission", "pk": 12, "fields": {"name": "Can view group", "content_type": 3, "codename": "view_group"}}, {"model": "auth.permission", "pk": 13, "fields": {"name": "Can add content type", "content_type": 4, "codename": "add_contenttype"}}, {"model": "auth.permission", "pk": 14, "fields": {"name": "Can change content type", "content_type": 4, "codename": "change_contenttype"}}, {"model": "auth.permission", "pk": 15, "fields": {"name": "Can delete content type", "content_type": 4, "codename": "delete_contenttype"}}, {"model": "auth.permission", "pk": 16, "fields": {"name": "Can view content type", "content_type": 4, "codename": "view_contenttype"}}, {"model": "auth.permission", "pk": 17, "fields": {"name": "Can add session", "content_type": 5, "codename": "add_session"}}, {"model": "auth.permission", "pk": 18, "fields": {"name": "Can change session", "content_type": 5, "codename": "change_session"}}, {"model": "auth.permission", "pk": 19, "fields": {"name": "Can delete session", "content_type": 5, "codename": "delete_session"}}, {"model": "auth.permission", "pk": 20, "fields": {"name": "Can view session", "content_type": 5, "codename": "view_session"}}, {"model": "auth.permission", "pk": 21, "fields": {"name": "Can add user", "content_type": 6, "codename": "add_user"}}, {"model": "auth.permission", "pk": 22, "fields": {"name": "Can change user", "content_type": 6, "codename": "change_user"}}, {"model": "auth.permission", "pk": 23, "fields": {"name": "Can delete user", "content_type": 6, "codename": "delete_user"}}, {"model": "auth.permission", "pk": 24, "fields": {"name": "Can view user", "content_type": 6, "codename": "view_user"}}, {"model": "auth.permission", "pk": 25, "fields": {"name": "Can add ciudad", "content_type": 7, "codename": "add_city"}}, {"model": "auth.permission", "pk": 26, "fields": {"name": "Can change ciudad", "content_type": 7, "codename": "change_city"}}, {"model": "auth.permission", "pk": 27, "fields": {"name": "Can delete ciudad", "content_type": 7, "codename": "delete_city"}}, {"model": "auth.permission", "pk": 28, "fields": {"name": "Can view ciudad", "content_type": 7, "codename": "view_city"}}, {"model": "auth.permission", "pk": 29, "fields": {"name": "Can add departamento", "content_type": 8, "codename": "add_region"}}, {"model": "auth.permission", "pk": 30, "fields": {"name": "Can change departamento", "content_type": 8, "codename": "change_region"}}, {"model": "auth.permission", "pk": 31, "fields": {"name": "Can delete departamento", "content_type": 8, "codename": "delete_region"}}, {"model": "auth.permission", "pk": 32, "fields": {"name": "Can view departamento", "content_type": 8, "codename": "view_region"}}, {"model": "auth.permission", "pk": 33, "fields": {"name": "Can add información de contacto", "content_type": 9, "codename": "add_contact"}}, {"model": "auth.permission", "pk": 34, "fields": {"name": "Can change información de contacto", "content_type": 9, "codename": "change_contact"}}, {"model": "auth.permission", "pk": 35, "fields": {"name": "Can delete información de contacto", "content_type": 9, "codename": "delete_contact"}}, {"model": "auth.permission", "pk": 36, "fields": {"name": "Can view información de contacto", "content_type": 9, "codename": "view_contact"}}, {"model": "auth.permission", "pk": 37, "fields": {"name": "Can add marca", "content_type": 10, "codename": "add_brand"}}, {"model": "auth.permission", "pk": 38, "fields": {"name": "Can change marca", "content_type": 10, "codename": "change_brand"}}, {"model": "auth.permission", "pk": 39, "fields": {"name": "Can delete marca", "content_type": 10, "codename": "delete_brand"}}, {"model": "auth.permission", "pk": 40, "fields": {"name": "Can view marca", "content_type": 10, "codename": "view_brand"}}, {"model": "auth.permission", "pk": 41, "fields": {"name": "Can add categoría", "content_type": 11, "codename": "add_category"}}, {"model": "auth.permission", "pk": 42, "fields": {"name": "Can change categoría", "content_type": 11, "codename": "change_category"}}, {"model": "auth.permission", "pk": 43, "fields": {"name": "Can delete categoría", "content_type": 11, "codename": "delete_category"}}, {"model": "auth.permission", "pk": 44, "fields": {"name": "Can view categoría", "content_type": 11, "codename": "view_category"}}, {"model": "auth.permission", "pk": 45, "fields": {"name": "Can add empresa", "content_type": 12, "codename": "add_company"}}, {"model": "auth.permission", "pk": 46, "fields": {"name": "Can change empresa", "content_type": 12, "codename": "change_company"}}, {"model": "auth.permission", "pk": 47, "fields": {"name": "Can delete empresa", "content_type": 12, "codename": "delete_company"}}, {"model": "auth.permission", "pk": 48, "fields": {"name": "Can view empresa", "content_type": 12, "codename": "view_company"}}, {"model": "auth.permission", "pk": 49, "fields": {"name": "Can add descuento", "content_type": 13, "codename": "add_discount"}}, {"model": "auth.permission", "pk": 50, "fields": {"name": "Can change descuento", "content_type": 13, "codename": "change_discount"}}, {"model": "auth.permission", "pk": 51, "fields": {"name": "Can delete descuento", "content_type": 13, "codename": "delete_discount"}}, {"model": "auth.permission", "pk": 52, "fields": {"name": "Can view descuento", "content_type": 13, "codename": "view_discount"}}, {"model": "auth.permission", "pk": 53, "fields": {"name": "Can add método de pago", "content_type": 14, "codename": "add_paymentmethod"}}, {"model": "auth.permission", "pk": 54, "fields": {"name": "Can change método de pago", "content_type": 14, "codename": "change_paymentmethod"}}, {"model": "auth.permission", "pk": 55, "fields": {"name": "Can delete método de pago", "content_type": 14, "codename": "delete_paymentmethod"}}, {"model": "auth.permission", "pk": 56, "fields": {"name": "Can view método de pago", "content_type": 14, "codename": "view_paymentmethod"}}, {"model": "auth.permission", "pk": 57, "fields": {"name": "Can add producto", "content_type": 15, "codename": "add_product"}}, {"model": "auth.permission", "pk": 58, "fields": {"name": "Can change producto", "content_type": 15, "codename": "change_product"}}, {"model": "auth.permission", "pk": 59, "fields": {"name": "Can delete producto", "content_type": 15, "codename": "delete_product"}}, {"model": "auth.permission", "pk": 60, "fields": {"name": "Can view producto", "content_type": 15, "codename": "view_product"}}, {"model": "auth.permission", "pk": 61, "fields": {"name": "Can add carrito de compra", "content_type": 16, "codename": "add_shoppingcart"}}, {"model": "auth.permission", "pk": 62, "fields": {"name": "Can change carrito de compra", "content_type": 16, "codename": "change_shoppingcart"}}, {"model": "auth.permission", "pk": 63, "fields": {"name": "Can delete carrito de compra", "content_type": 16, "codename": "delete_shoppingcart"}}, {"model": "auth.permission", "pk": 64, "fields": {"name": "Can view carrito de compra", "content_type": 16, "codename": "view_shoppingcart"}}, {"model": "auth.permission", "pk": 65, "fields": {"name": "Can add productos del carrito de compras", "content_type": 17, "codename": "add_shoppingcartproduct"}}, {"model": "auth.permission", "pk": 66, "fields": {"name": "Can change productos del carrito de compras", "content_type": 17, "codename": "change_shoppingcartproduct"}}, {"model": "auth.permission", "pk": 67, "fields": {"name": "Can delete productos del carrito de compras", "content_type": 17, "codename": "delete_shoppingcartproduct"}}, {"model": "auth.permission", "pk": 68, "fields": {"name": "Can view productos del carrito de compras", "content_type": 17, "codename": "view_shoppingcartproduct"}}, {"model": "auth.permission", "pk": 69, "fields": {"name": "Can add reseña", "content_type": 18, "codename": "add_review"}}, {"model": "auth.permission", "pk": 70, "fields": {"name": "Can change reseña", "content_type": 18, "codename": "change_review"}}, {"model": "auth.permission", "pk": 71, "fields": {"name": "Can delete reseña", "content_type": 18, "codename": "delete_review"}}, {"model": "auth.permission", "pk": 72, "fields": {"name": "Can view reseña", "content_type": 18, "codename": "view_review"}}, {"model": "auth.permission", "pk": 73, "fields": {"name": "Can add orden de compra", "content_type": 19, "codename": "add_purchaseorder"}}, {"model": "auth.permission", "pk": 74, "fields": {"name": "Can change orden de compra", "content_type": 19, "codename": "change_purchaseorder"}}, {"model": "auth.permission", "pk": 75, "fields": {"name": "Can delete orden de compra", "content_type": 19, "codename": "delete_purchaseorder"}}, {"model": "auth.permission", "pk": 76, "fields": {"name": "Can view orden de compra", "content_type": 19, "codename": "view_purchaseorder"}}, {"model": "auth.permission", "pk": 77, "fields": {"name": "Can add foto de los productos", "content_type": 20, "codename": "add_productphoto"}}, {"model": "auth.permission", "pk": 78, "fields": {"name": "Can change foto de los productos", "content_type": 20, "codename": "change_productphoto"}}, {"model": "auth.permission", "pk": 79, "fields": {"name": "Can delete foto de los productos", "content_type": 20, "codename": "delete_productphoto"}}, {"model": "auth.permission", "pk": 80, "fields": {"name": "Can view foto de los productos", "content_type": 20, "codename": "view_productphoto"}}, {"model": "auth.permission", "pk": 81, "fields": {"name": "Can add producto con descuento", "content_type": 21, "codename": "add_productdiscount"}}, {"model": "auth.permission", "pk": 82, "fields": {"name": "Can change producto con descuento", "content_type": 21, "codename": "change_productdiscount"}}, {"model": "auth.permission", "pk": 83, "fields": {"name": "Can delete producto con descuento", "content_type": 21, "codename": "delete_productdiscount"}}, {"model": "auth.permission", "pk": 84, "fields": {"name": "Can view producto con descuento", "content_type": 21, "codename": "view_productdiscount"}}, {"model": "auth.permission", "pk": 85, "fields": {"name": "Can add producto de órden de compra", "content_type": 22, "codename": "add_orderproduct"}}, {"model": "auth.permission", "pk": 86, "fields": {"name": "Can change producto de órden de compra", "content_type": 22, "codename": "change_orderproduct"}}, {"model": "auth.permission", "pk": 87, "fields": {"name": "Can delete producto de órden de compra", "content_type": 22, "codename": "delete_orderproduct"}}, {"model": "auth.permission", "pk": 88, "fields": {"name": "Can view producto de órden de compra", "content_type": 22, "codename": "view_orderproduct"}}, {"model": "contenttypes.contenttype", "pk": 1, "fields": {"app_label": "admin", "model": "logentry"}}, {"model": "contenttypes.contenttype", "pk": 2, "fields": {"app_label": "auth", "model": "permission"}}, {"model": "contenttypes.contenttype", "pk": 3, "fields": {"app_label": "auth", "model": "group"}}, {"model": "contenttypes.contenttype", "pk": 4, "fields": {"app_label": "contenttypes", "model": "contenttype"}}, {"model": "contenttypes.contenttype", "pk": 5, "fields": {"app_label": "sessions", "model": "session"}}, {"model": "contenttypes.contenttype", "pk": 6, "fields": {"app_label": "accounts", "model": "user"}}, {"model": "contenttypes.contenttype", "pk": 7, "fields": {"app_label": "accounts", "model": "city"}}, {"model": "contenttypes.contenttype", "pk": 8, "fields": {"app_label": "accounts", "model": "region"}}, {"model": "contenttypes.contenttype", "pk": 9, "fields": {"app_label": "accounts", "model": "contact"}}, {"model": "contenttypes.contenttype", "pk": 10, "fields": {"app_label": "shop", "model": "brand"}}, {"model": "contenttypes.contenttype", "pk": 11, "fields": {"app_label": "shop", "model": "category"}}, {"model": "contenttypes.contenttype", "pk": 12, "fields": {"app_label": "shop", "model": "company"}}, {"model": "contenttypes.contenttype", "pk": 13, "fields": {"app_label": "shop", "model": "discount"}}, {"model": "contenttypes.contenttype", "pk": 14, "fields": {"app_label": "shop", "model": "paymentmethod"}}, {"model": "contenttypes.contenttype", "pk": 15, "fields": {"app_label": "shop", "model": "product"}}, {"model": "contenttypes.contenttype", "pk": 16, "fields": {"app_label": "shop", "model": "shoppingcart"}}, {"model": "contenttypes.contenttype", "pk": 17, "fields": {"app_label": "shop", "model": "shoppingcartproduct"}}, {"model": "contenttypes.contenttype", "pk": 18, "fields": {"app_label": "shop", "model": "review"}}, {"model": "contenttypes.contenttype", "pk": 19, "fields": {"app_label": "shop", "model": "purchaseorder"}}, {"model": "contenttypes.contenttype", "pk": 20, "fields": {"app_label": "shop", "model": "productphoto"}}, {"model": "contenttypes.contenttype", "pk": 21, "fields": {"app_label": "shop", "model": "productdiscount"}}, {"model": "contenttypes.contenttype", "pk": 22, "fields": {"app_label": "shop", "model": "orderproduct"}}, {"model": "sessions.session", "pk": "rkclwmf2e0szp7ko142hgef2h9kpq3xx", "fields": {"session_data": ".eJxVjMsOwiAQRf-FtSEtU6bg0r3fQIYZkKqBpI-V8d-1SRe6veec-1KBtrWEbUlzmESdVa9Ov1skfqS6A7lTvTXNra7zFPWu6IMu-tokPS-H-3dQaCnf2mcD1poBHDDjgNyLcQPm2BNnZzJG8IjRYSfcJcecrQe0YydANAKo9wfOHTd9:1q32Dv:4OBOc00eACFexwqHkO5BywLKnJcI3PUFuuDflVAJ9Ik", "expire_date": "2023-06-10T22:17:19.592Z"}}, {"model": "sessions.session", "pk": "vpj2iqx4xart3pwvpn57p6ynelgp4rwk", "fields": {"session_data": ".eJxVjMsOwiAQRf-FtSEtU6bg0r3fQIYZkKqBpI-V8d-1SRe6veec-1KBtrWEbUlzmESdVa9Ov1skfqS6A7lTvTXNra7zFPWu6IMu-tokPS-H-3dQaCnf2mcD1poBHDDjgNyLcQPm2BNnZzJG8IjRYSfcJcecrQe0YydANAKo9wfOHTd9:1q5fBK:DKLGO6a-zSCs_sjgArkxbx4X-otx0ajn25Nl9Jdalys", "expire_date": "2023-06-18T04:17:30.649Z"}}, {"model": "accounts.region", "pk": 1, "fields": {"name": "Amazonas", "created_at": "2023-05-01T05:00:00Z", "updated_at": "2023-05-01T05:00:00Z", "is_active": true}}, {"model": "accounts.region", "pk": 2, "fields": {"name": "Antioquia", "created_at": "2023-05-01T05:00:00Z", "updated_at": "2023-05-01T05:00:00Z", "is_active": true}}, {"model": "accounts.region", "pk": 3, "fields": {"name": "Arauca", "created_at": "2023-05-01T05:00:00Z", "updated_at": "2023-05-01T05:00:00Z", "is_active": true}}, {"model": "accounts.region", "pk": 4, "fields": {"name": "Atlántico", "created_at": "2023-05-01T05:00:00Z", "updated_at": "2023-05-01T05:00:00Z", "is_active": true}}, {"model": "accounts.region", "pk": 5, "fields": {"name": "Bogotá D.C.", "created_at": "2023-05-01T05:00:00Z", "updated_at": "2023-05-01T05:00:00Z", "is_active": true}}, {"model": "accounts.region", "pk": 6, "fields": {"name": "Bolivar", "created_at": "2023-05-01T05:00:00Z", "updated_at": "2023-05-01T05:00:00Z", "is_active": true}}, {"model": "accounts.region", "pk": 7, "fields": {"name": "Boyacá", "created_at": "2023-05-01T05:00:00Z", "updated_at": "2023-05-01T05:00:00Z", "is_active": true}}, {"model": "accounts.region", "pk": 8, "fields": {"name": "Caldas", "created_at": "2023-05-01T05:00:00Z", "updated_at": "2023-05-01T05:00:00Z", "is_active": true}}, {"model": "accounts.region", "pk": 9, "fields": {"name": "Caquetá", "created_at": "2023-05-01T05:00:00Z", "updated_at": "2023-05-01T05:00:00Z", "is_active": true}}, {"model": "accounts.region", "pk": 10, "fields": {"name": "Casanare", "created_at": "2023-05-01T05:00:00Z", "updated_at": "2023-05-01T05:00:00Z", "is_active": true}}, {"model": "accounts.region", "pk": 11, "fields": {"name": "Cauca", "created_at": "2023-05-01T05:00:00Z", "updated_at": "2023-05-01T05:00:00Z", "is_active": true}}, {"model": "accounts.region", "pk": 12, "fields": {"name": "Cesar", "created_at": "2023-05-01T05:00:00Z", "updated_at": "2023-05-01T05:00:00Z", "is_active": true}}, {"model": "accounts.region", "pk": 13, "fields": {"name": "Chocó", "created_at": "2023-05-01T05:00:00Z", "updated_at": "2023-05-01T05:00:00Z", "is_active": true}}, {"model": "accounts.region", "pk": 14, "fields": {"name": "Córdoba", "created_at": "2023-05-01T05:00:00Z", "updated_at": "2023-05-01T05:00:00Z", "is_active": true}}, {"model": "accounts.region", "pk": 15, "fields": {"name": "Cundinamarca", "created_at": "2023-05-01T05:00:00Z", "updated_at": "2023-05-01T05:00:00Z", "is_active": true}}, {"model": "accounts.region", "pk": 16, "fields": {"name": "Guainía", "created_at": "2023-05-01T05:00:00Z", "updated_at": "2023-05-01T05:00:00Z", "is_active": true}}, {"model": "accounts.region", "pk": 17, "fields": {"name": "Guaviare", "created_at": "2023-05-01T05:00:00Z", "updated_at": "2023-05-01T05:00:00Z", "is_active": true}}, {"model": "accounts.region", "pk": 18, "fields": {"name": "Huila", "created_at": "2023-05-01T05:00:00Z", "updated_at": "2023-05-01T05:00:00Z", "is_active": true}}, {"model": "accounts.region", "pk": 19, "fields": {"name": "La Guajira", "created_at": "2023-05-01T05:00:00Z", "updated_at": "2023-05-01T05:00:00Z", "is_active": true}}, {"model": "accounts.region", "pk": 20, "fields": {"name": "Magdalena", "created_at": "2023-05-01T05:00:00Z", "updated_at": "2023-05-01T05:00:00Z", "is_active": true}}, {"model": "accounts.region", "pk": 21, "fields": {"name": "Meta", "created_at": "2023-05-01T05:00:00Z", "updated_at": "2023-05-01T05:00:00Z", "is_active": true}}, {"model": "accounts.region", "pk": 22, "fields": {"name": "Nariño", "created_at": "2023-05-01T05:00:00Z", "updated_at": "2023-05-01T05:00:00Z", "is_active": true}}, {"model": "accounts.region", "pk": 23, "fields": {"name": "Norte de Santander", "created_at": "2023-05-01T05:00:00Z", "updated_at": "2023-05-01T05:00:00Z", "is_active": true}}, {"model": "accounts.region", "pk": 24, "fields": {"name": "Putumayo", "created_at": "2023-05-01T05:00:00Z", "updated_at": "2023-05-01T05:00:00Z", "is_active": true}}, {"model": "accounts.region", "pk": 25, "fields": {"name": "Quindío", "created_at": "2023-05-01T05:00:00Z", "updated_at": "2023-05-01T05:00:00Z", "is_active": true}}, {"model": "accounts.region", "pk": 26, "fields": {"name": "Risaralda", "created_at": "2023-05-01T05:00:00Z", "updated_at": "2023-05-01T05:00:00Z", "is_active": true}}, {"model": "accounts.region", "pk": 27, "fields": {"name": "San Andrés y Providencia", "created_at": "2023-05-01T05:00:00Z", "updated_at": "2023-05-01T05:00:00Z", "is_active": true}}, {"model": "accounts.region", "pk": 28, "fields": {"name": "Santander", "created_at": "2023-05-01T05:00:00Z", "updated_at": "2023-05-01T05:00:00Z", "is_active": true}}, {"model": "accounts.region", "pk": 29, "fields": {"name": "Sucre", "created_at": "2023-05-01T05:00:00Z", "updated_at": "2023-05-01T05:00:00Z", "is_active": true}}, {"model": "accounts.region", "pk": 30, "fields": {"name": "Tolima", "created_at": "2023-05-01T05:00:00Z", "updated_at": "2023-05-01T05:00:00Z", "is_active": true}}, {"model": "accounts.region", "pk": 31, "fields": {"name": "Valle del Cauca", "created_at": "2023-05-01T05:00:00Z", "updated_at": "2023-05-01T05:00:00Z", "is_active": true}}, {"model": "accounts.region", "pk": 32, "fields": {"name": "Vaupés", "created_at": "2023-05-01T05:00:00Z", "updated_at": "2023-05-01T05:00:00Z", "is_active": true}}, {"model": "accounts.region", "pk": 33, "fields": {"name": "Vichada", "created_at": "2023-05-01T05:00:00Z", "updated_at": "2023-05-01T05:00:00Z", "is_active": true}}, {"model": "accounts.city", "pk": 1, "fields": {"name": "El Encanto", "region": 1, "created_at": "2023-05-01T05:00:00Z", "updated_at": "2023-05-01T05:00:00Z", "is_active": true}}, {"model": "accounts.city", "pk": 2, "fields": {"name": "La Chorrera", "region": 1, "created_at": "2023-05-01T05:00:00Z", "updated_at": "2023-05-01T05:00:00Z", "is_active": true}}, {"model": "accounts.city", "pk": 3, "fields": {"name": "La Pedrera", "region": 1, "created_at": "2023-05-01T05:00:00Z", "updated_at": "2023-05-01T05:00:00Z", "is_active": true}}, {"model": "accounts.city", "pk": 4, "fields": {"name": "La Victoria", "region": 1, "created_at": "2023-05-01T05:00:00Z", "updated_at": "2023-05-01T05:00:00Z", "is_active": true}}, {"model": "accounts.city", "pk": 5, "fields": {"name": "Leticia", "region": 1, "created_at": "2023-05-01T05:00:00Z", "updated_at": "2023-05-01T05:00:00Z", "is_active": true}}, {"model": "accounts.city", "pk": 6, "fields": {"name": "Miriti - Paraná", "region": 1, "created_at": "2023-05-01T05:00:00Z", "updated_at": "2023-05-01T05:00:00Z", "is_active": true}}, {"model": "accounts.city", "pk": 7, "fields": {"name": "Puerto Alegria", "region": 1, "created_at": "2023-05-01T05:00:00Z", "updated_at": "2023-05-01T05:00:00Z", "is_active": true}}, {"model": "accounts.city", "pk": 8, "fields": {"name": "Puerto Arica", "region": 1, "created_at": "2023-05-01T05:00:00Z", "updated_at": "2023-05-01T05:00:00Z", "is_active": true}}, {"model": "accounts.city", "pk": 9, "fields": {"name": "Puerto Nariño", "region": 1, "created_at": "2023-05-01T05:00:00Z", "updated_at": "2023-05-01T05:00:00Z", "is_active": true}}, {"model": "accounts.city", "pk": 10, "fields": {"name": "Puerto Santander", "region": 1, "created_at": "2023-05-01T05:00:00Z", "updated_at": "2023-05-01T05:00:00Z", "is_active": true}}, {"model": "accounts.city", "pk": 11, "fields": {"name": "Tarapacá", "region": 1, "created_at": "2023-05-01T05:00:00Z", "updated_at": "2023-05-01T05:00:00Z", "is_active": true}}, {"model": "accounts.city", "pk": 12, "fields": {"name": "Cáceres", "region": 2, "created_at": "2023-05-01T05:00:00Z", "updated_at": "2023-05-01T05:00:00Z", "is_active": true}}, {"model": "accounts.city", "pk": 13, "fields": {"name": "Caucasia", "region": 2, "created_at": "2023-05-01T05:00:00Z", "updated_at": "2023-05-01T05:00:00Z", "is_active": true}}, {"model": "accounts.city", "pk": 14, "fields": {"name": "El Bagre", "region": 2, "created_at": "2023-05-01T05:00:00Z", "updated_at": "2023-05-01T05:00:00Z", "is_active": true}}, {"model": "accounts.city", "pk": 15, "fields": {"name": "Nechí", "region": 2, "created_at": "2023-05-01T05:00:00Z", "updated_at": "2023-05-01T05:00:00Z", "is_active": true}}, {"model": "accounts.city", "pk": 16, "fields": {"name": "Tarazá", "region": 2, "created_at": "2023-05-01T05:00:00Z", "updated_at": "2023-05-01T05:00:00Z", "is_active": true}}, {"model": "accounts.city", "pk": 17, "fields": {"name": "Zaragoza", "region": 2, "created_at": "2023-05-01T05:00:00Z", "updated_at": "2023-05-01T05:00:00Z", "is_active": true}}, {"model": "accounts.city", "pk": 18, "fields": {"name": "Caracolí", "region": 2, "created_at": "2023-05-01T05:00:00Z", "updated_at": "2023-05-01T05:00:00Z", "is_active": true}}, {"model": "accounts.city", "pk": 19, "fields": {"name": "Maceo", "region": 2, "created_at": "2023-05-01T05:00:00Z", "updated_at": "2023-05-01T05:00:00Z", "is_active": true}}, {"model": "accounts.city", "pk": 20, "fields": {"name": "Puerto Berrio", "region": 2, "created_at": "2023-05-01T05:00:00Z", "updated_at": "2023-05-01T05:00:00Z", "is_active": true}}, {"model": "accounts.city", "pk": 21, "fields": {"name": "Puerto Nare", "region": 2, "created_at": "2023-05-01T05:00:00Z", "updated_at": "2023-05-01T05:00:00Z", "is_active": true}}, {"model": "accounts.city", "pk": 22, "fields": {"name": "Puerto Triunfo", "region": 2, "created_at": "2023-05-01T05:00:00Z", "updated_at": "2023-05-01T05:00:00Z", "is_active": true}}, {"model": "accounts.city", "pk": 23, "fields": {"name": "Yondó", "region": 2, "created_at": "2023-05-01T05:00:00Z", "updated_at": "2023-05-01T05:00:00Z", "is_active": true}}, {"model": "accounts.city", "pk": 24, "fields": {"name": "Amalfi", "region": 2, "created_at": "2023-05-01T05:00:00Z", "updated_at": "2023-05-01T05:00:00Z", "is_active": true}}, {"model": "accounts.city", "pk": 25, "fields": {"name": "Anorí", "region": 2, "created_at": "2023-05-01T05:00:00Z", "updated_at": "2023-05-01T05:00:00Z", "is_active": true}}, {"model": "accounts.city", "pk": 26, "fields": {"name": "Cisneros", "region": 2, "created_at": "2023-05-01T05:00:00Z", "updated_at": "2023-05-01T05:00:00Z", "is_active": true}}, {"model": "accounts.city", "pk": 27, "fields": {"name": "Remedios", "region": 2, "created_at": "2023-05-01T05:00:00Z", "updated_at": "2023-05-01T05:00:00Z", "is_active": true}}, {"model": "accounts.city", "pk": 28, "fields": {"name": "San Roque", "region": 2, "created_at": "2023-05-01T05:00:00Z", "updated_at": "2023-05-01T05:00:00Z", "is_active": true}}, {"model": "accounts.city", "pk": 29, "fields": {"name": "Santo Domingo", "region": 2, "created_at": "2023-05-01T05:00:00Z", "updated_at": "2023-05-01T05:00:00Z", "is_active": true}}, {"model": "accounts.city", "pk": 30, "fields": {"name": "Segovia", "region": 2, "created_at": "2023-05-01T05:00:00Z", "updated_at": "2023-05-01T05:00:00Z", "is_active": true}}, {"model": "accounts.city", "pk": 31, "fields": {"name": "Vegachí", "region": 2, "created_at": "2023-05-01T05:00:00Z", "updated_at": "2023-05-01T05:00:00Z", "is_active": true}}, {"model": "accounts.city", "pk": 32, "fields": {"name": "Yalí", "region": 2, "created_at": "2023-05-01T05:00:00Z", "updated_at": "2023-05-01T05:00:00Z", "is_active": true}}, {"model": "accounts.city", "pk": 33, "fields": {"name": "Yolombó", "region": 2, "created_at": "2023-05-01T05:00:00Z", "updated_at": "2023-05-01T05:00:00Z", "is_active": true}}, {"model": "accounts.city", "pk": 34, "fields": {"name": "Angostura", "region": 2, "created_at": "2023-05-01T05:00:00Z", "updated_at": "2023-05-01T05:00:00Z", "is_active": true}}, {"model": "accounts.city", "pk": 35, "fields": {"name": "Belmira", "region": 2, "created_at": "2023-05-01T05:00:00Z", "updated_at": "2023-05-01T05:00:00Z", "is_active": true}}, {"model": "accounts.city", "pk": 36, "fields": {"name": "Briceño", "region": 2, "created_at": "2023-05-01T05:00:00Z", "updated_at": "2023-05-01T05:00:00Z", "is_active": true}}, {"model": "accounts.city", "pk": 37, "fields": {"name": "Campamento", "region": 2, "created_at": "2023-05-01T05:00:00Z", "updated_at": "2023-05-01T05:00:00Z", "is_active": true}}, {"model": "accounts.city", "pk": 38, "fields": {"name": "Carolina", "region": 2, "created_at": "2023-05-01T05:00:00Z", "updated_at": "2023-05-01T05:00:00Z", "is_active": true}}, {"model": "accounts.city", "pk": 39, "fields": {"name": "Don Matias", "region": 2, "created_at": "2023-05-01T05:00:00Z", "updated_at": "2023-05-01T05:00:00Z", "is_active": true}}, {"model": "accounts.city", "pk": 40, "fields": {"name": "Entrerrios", "region": 2, "created_at": "2023-05-01T05:00:00Z", "updated_at": "2023-05-01T05:00:00Z", "is_active": true}}, {"model": "accounts.city", "pk": 41, "fields": {"name": "Gómez Plata", "region": 2, "created_at": "2023-05-01T05:00:00Z", "updated_at": "2023-05-01T05:00:00Z", "is_active": true}}, {"model": "accounts.city", "pk": 42, "fields": {"name": "Guadalupe", "region": 2, "created_at": "2023-05-01T05:00:00Z", "updated_at": "2023-05-01T05:00:00Z", "is_active": true}}, {"model": "accounts.city", "pk": 43, "fields": {"name": "Ituango", "region": 2, "created_at": "2023-05-01T05:00:00Z", "updated_at": "2023-05-01T05:00:00Z", "is_active": true}}, {"model": "accounts.city", "pk": 44, "fields": {"name": "San Andrés", "region": 2, "created_at": "2023-05-01T05:00:00Z", "updated_at": "2023-05-01T05:00:00Z", "is_active": true}}, {"model": "accounts.city", "pk": 45, "fields": {"name": "San José De La Montaña", "region": 2, "created_at": "2023-05-01T05:00:00Z", "updated_at": "2023-05-01T05:00:00Z", "is_active": true}}, {"model": "accounts.city", "pk": 46, "fields": {"name": "San Pedro", "region": 2, "created_at": "2023-05-01T05:00:00Z", "updated_at": "2023-05-01T05:00:00Z", "is_active": true}}, {"model": "accounts.city", "pk": 47, "fields": {"name": "Santa Rosa De Osos", "region": 2, "created_at": "2023-05-01T05:00:00Z", "updated_at": "2023-05-01T05:00:00Z", "is_active": true}}, {"model": "accounts.city", "pk": 48, "fields": {"name": "Toledo", "region": 2, "created_at": "2023-05-01T05:00:00Z", "updated_at": "2023-05-01T05:00:00Z", "is_active": true}}, {"model": "accounts.city", "pk": 49, "fields": {"name": "Valdivia", "region": 2, "created_at": "2023-05-01T05:00:00Z", "updated_at": "2023-05-01T05:00:00Z", "is_active": true}}, {"model": "accounts.city", "pk": 50, "fields": {"name": "Yarumal", "region": 2, "created_at": "2023-05-01T05:00:00Z", "updated_at": "2023-05-01T05:00:00Z", "is_active": true}}, {"model": "accounts.city", "pk": 51, "fields": {"name": "Abriaquí", "region": 2, "created_at": "2023-05-01T05:00:00Z", "updated_at": "2023-05-01T05:00:00Z", "is_active": true}}, {"model": "accounts.city", "pk": 52, "fields": {"name": "Anza", "region": 2, "created_at": "2023-05-01T05:00:00Z", "updated_at": "2023-05-01T05:00:00Z", "is_active": true}}, {"model": "accounts.city", "pk": 53, "fields": {"name": "Armenia", "region": 2, "created_at": "2023-05-01T05:00:00Z", "updated_at": "2023-05-01T05:00:00Z", "is_active": true}}, {"model": "accounts.city", "pk": 54, "fields": {"name": "Buriticá", "region": 2, "created_at": "2023-05-01T05:00:00Z", "updated_at": "2023-05-01T05:00:00Z", "is_active": true}}, {"model": "accounts.city", "pk": 55, "fields": {"name": "Cañasgordas", "region": 2, "created_at": "2023-05-01T05:00:00Z", "updated_at": "2023-05-01T05:00:00Z", "is_active": true}}, {"model": "accounts.city", "pk": 56, "fields": {"name": "Dabeiba", "region": 2, "created_at": "2023-05-01T05:00:00Z", "updated_at": "2023-05-01T05:00:00Z", "is_active": true}}, {"model": "accounts.city", "pk": 57, "fields": {"name": "Ebéjico", "region": 2, "created_at": "2023-05-01T05:00:00Z", "updated_at": "2023-05-01T05:00:00Z", "is_active": true}}, {"model": "accounts.city", "pk": 58, "fields": {"name": "Frontino", "region": 2, "created_at": "2023-05-01T05:00:00Z", "updated_at": "2023-05-01T05:00:00Z", "is_active": true}}, {"model": "accounts.city", "pk": 59, "fields": {"name": "Giraldo", "region": 2, "created_at": "2023-05-01T05:00:00Z", "updated_at": "2023-05-01T05:00:00Z", "is_active": true}}, {"model": "accounts.city", "pk": 60, "fields": {"name": "Heliconia", "region": 2, "created_at": "2023-05-01T05:00:00Z", "updated_at": "2023-05-01T05:00:00Z", "is_active": true}}, {"model": "accounts.city", "pk": 61, "fields": {"name": "Liborina", "region": 2, "created_at": "2023-05-01T05:00:00Z", "updated_at": "2023-05-01T05:00:00Z", "is_active": true}}, {"model": "accounts.city", "pk": 62, "fields": {"name": "Olaya", "region": 2, "created_at": "2023-05-01T05:00:00Z", "updated_at": "2023-05-01T05:00:00Z", "is_active": true}}, {"model": "accounts.city", "pk": 63, "fields": {"name": "Peque", "region": 2, "created_at": "2023-05-01T05:00:00Z", "updated_at": "2023-05-01T05:00:00Z", "is_active": true}}, {"model": "accounts.city", "pk": 64, "fields": {"name": "Sabanalarga", "region": 2, "created_at": "2023-05-01T05:00:00Z", "updated_at": "2023-05-01T05:00:00Z", "is_active": true}}, {"model": "accounts.city", "pk": 65, "fields": {"name": "San Jerónimo", "region": 2, "created_at": "2023-05-01T05:00:00Z", "updated_at": "2023-05-01T05:00:00Z", "is_active": true}}, {"model": "accounts.city", "pk": 66, "fields": {"name": "Santafé De Antioquia", "region": 2, "created_at": "2023-05-01T05:00:00Z", "updated_at": "2023-05-01T05:00:00Z", "is_active": true}}, {"model": "accounts.city", "pk": 67, "fields": {"name": "Sopetran", "region": 2, "created_at": "2023-05-01T05:00:00Z", "updated_at": "2023-05-01T05:00:00Z", "is_active": true}}, {"model": "accounts.city", "pk": 68, "fields": {"name": "Uramita", "region": 2, "created_at": "2023-05-01T05:00:00Z", "updated_at": "2023-05-01T05:00:00Z", "is_active": true}}, {"model": "accounts.city", "pk": 69, "fields": {"name": "Abejorral", "region": 2, "created_at": "2023-05-01T05:00:00Z", "updated_at": "2023-05-01T05:00:00Z", "is_active": true}}, {"model": "accounts.city", "pk": 70, "fields": {"name": "Alejandría", "region": 2, "created_at": "2023-05-01T05:00:00Z", "updated_at": "2023-05-01T05:00:00Z", "is_active": true}}, {"model": "accounts.city", "pk": 71, "fields": {"name": "Argelia", "region": 2, "created_at": "2023-05-01T05:00:00Z", "updated_at": "2023-05-01T05:00:00Z", "is_active": true}}, {"model": "accounts.city", "pk": 72, "fields": {"name": "Carmen De Viboral", "region": 2, "created_at": "2023-05-01T05:00:00Z", "updated_at": "2023-05-01T05:00:00Z", "is_active": true}}, {"model": "accounts.city", "pk": 73, "fields": {"name": "Cocorná", "region": 2, "created_at": "2023-05-01T05:00:00Z", "updated_at": "2023-05-01T05:00:00Z", "is_active": true}}, {"model": "accounts.city", "pk": 74, "fields": {"name": "Concepción", "region": 2, "created_at": "2023-05-01T05:00:00Z", "updated_at": "2023-05-01T05:00:00Z", "is_active": true}}, {"model": "accounts.city", "pk": 75, "fields": {"name": "Granada", "region": 2, "created_at": "2023-05-01T05:00:00Z", "updated_at": "2023-05-01T05:00:00Z", "is_active": true}}, {"model": "accounts.city", "pk": 76, "fields": {"name": "Guarne", "region": 2, "created_at": "2023-05-01T05:00:00Z", "updated_at": "2023-05-01T05:00:00Z", "is_active": true}}, {"model": "accounts.city", "pk": 77, "fields": {"name": "Guatape", "region": 2, "created_at": "2023-05-01T05:00:00Z", "updated_at": "2023-05-01T05:00:00Z", "is_active": true}}, {"model": "accounts.city", "pk": 78, "fields": {"name": "La Ceja", "region": 2, "created_at": "2023-05-01T05:00:00Z", "updated_at": "2023-05-01T05:00:00Z", "is_active": true}}, {"model": "accounts.city", "pk": 79, "fields": {"name": "La Unión", "region": 2, "created_at": "2023-05-01T05:00:00Z", "updated_at": "2023-05-01T05:00:00Z", "is_active": true}}, {"model": "accounts.city", "pk": 80, "fields": {"name": "Marinilla", "region": 2, "created_at": "2023-05-01T05:00:00Z", "updated_at": "2023-05-01T05:00:00Z", "is_active": true}}, {"model": "accounts.city", "pk": 81, "fields": {"name": "Nariño", "region": 2, "created_at": "2023-05-01T05:00:00Z", "updated_at": "2023-05-01T05:00:00Z", "is_active": true}}, {"model": "accounts.city", "pk": 82, "fields": {"name": "Peñol", "region": 2, "created_at": "2023-05-01T05:00:00Z", "updated_at": "2023-05-01T05:00:00Z", "is_active": true}}, {"model": "accounts.city", "pk": 83, "fields": {"name": "Retiro", "region": 2, "created_at": "2023-05-01T05:00:00Z", "updated_at": "2023-05-01T05:00:00Z", "is_active": true}}, {"model": "accounts.city", "pk": 84, "fields": {"name": "Rionegro", "region": 2, "created_at": "2023-05-01T05:00:00Z", "updated_at": "2023-05-01T05:00:00Z", "is_active": true}}, {"model": "accounts.city", "pk": 85, "fields": {"name": "San Carlos", "region": 2, "created_at": "2023-05-01T05:00:00Z", "updated_at": "2023-05-01T05:00:00Z", "is_active": true}}, {"model": "accounts.city", "pk": 86, "fields": {"name": "San Francisco", "region": 2, "created_at": "2023-05-01T05:00:00Z", "updated_at": "2023-05-01T05:00:00Z", "is_active": true}}, {"model": "accounts.city", "pk": 87, "fields": {"name": "San Luis", "region": 2, "created_at": "2023-05-01T05:00:00Z", "updated_at": "2023-05-01T05:00:00Z", "is_active": true}}, {"model": "accounts.city", "pk": 88, "fields": {"name": "San Rafael", "region": 2, "created_at": "2023-05-01T05:00:00Z", "updated_at": "2023-05-01T05:00:00Z", "is_active": true}}, {"model": "accounts.city", "pk": 89, "fields": {"name": "San Vicente", "region": 2, "created_at": "2023-05-01T05:00:00Z", "updated_at": "2023-05-01T05:00:00Z", "is_active": true}}, {"model": "accounts.city", "pk": 90, "fields": {"name": "Santuario", "region": 2, "created_at": "2023-05-01T05:00:00Z", "updated_at": "2023-05-01T05:00:00Z", "is_active": true}}, {"model": "accounts.city", "pk": 91, "fields": {"name": "Sonson", "region": 2, "created_at": "2023-05-01T05:00:00Z", "updated_at": "2023-05-01T05:00:00Z", "is_active": true}}, {"model": "accounts.city", "pk": 92, "fields": {"name": "Amaga", "region": 2, "created_at": "2023-05-01T05:00:00Z", "updated_at": "2023-05-01T05:00:00Z", "is_active": true}}, {"model": "accounts.city", "pk": 93, "fields": {"name": "Andes", "region": 2, "created_at": "2023-05-01T05:00:00Z", "updated_at": "2023-05-01T05:00:00Z", "is_active": true}}, {"model": "accounts.city", "pk": 94, "fields": {"name": "Angelopolis", "region": 2, "created_at": "2023-05-01T05:00:00Z", "updated_at": "2023-05-01T05:00:00Z", "is_active": true}}, {"model": "accounts.city", "pk": 95, "fields": {"name": "Betania", "region": 2, "created_at": "2023-05-01T05:00:00Z", "updated_at": "2023-05-01T05:00:00Z", "is_active": true}}, {"model": "accounts.city", "pk": 96, "fields": {"name": "Betulia", "region": 2, "created_at": "2023-05-01T05:00:00Z", "updated_at": "2023-05-01T05:00:00Z", "is_active": true}}, {"model": "accounts.city", "pk": 97, "fields": {"name": "Caicedo", "region": 2, "created_at": "2023-05-01T05:00:00Z", "updated_at": "2023-05-01T05:00:00Z", "is_active": true}}, {"model": "accounts.city", "pk": 98, "fields": {"name": "Caramanta", "region": 2, "created_at": "2023-05-01T05:00:00Z", "updated_at": "2023-05-01T05:00:00Z", "is_active": true}}, {"model": "accounts.city", "pk": 99, "fields": {"name": "Ciudad Bolívar", "region": 2, "created_at": "2023-05-01T05:00:00Z", "updated_at": "2023-05-01T05:00:00Z", "is_active": true}}, {"model": "accounts.city", "pk": 100, "fields": {"name": "Concordia", "region": 2, "created_at": "2023-05-01T05:00:00Z", "updated_at": "2023-05-01T05:00:00Z", "is_active": true}}, {"model": "accounts.city", "pk": 101, "fields": {"name": "Fredonia", "region": 2, "created_at": "2023-05-01T05:00:00Z", "updated_at": "2023-05-01T05:00:00Z", "is_active": true}}, {"model": "accounts.city", "pk": 102, "fields": {"name": "Hispania", "region": 2, "created_at": "2023-05-01T05:00:00Z", "updated_at": "2023-05-01T05:00:00Z", "is_active": true}}, {"model": "accounts.city", "pk": 103, "fields": {"name": "Jardín", "region": 2, "created_at": "2023-05-01T05:00:00Z", "updated_at": "2023-05-01T05:00:00Z", "is_active": true}}, {"model": "accounts.city", "pk": 104, "fields": {"name": "Jericó", "region": 2, "created_at": "2023-05-01T05:00:00Z", "updated_at": "2023-05-01T05:00:00Z", "is_active": true}}, {"model": "accounts.city", "pk": 105, "fields": {"name": "La Pintada", "region": 2, "created_at": "2023-05-01T05:00:00Z", "updated_at": "2023-05-01T05:00:00Z", "is_active": true}}, {"model": "accounts.city", "pk": 106, "fields": {"name": "Montebello", "region": 2, "created_at": "2023-05-01T05:00:00Z", "updated_at": "2023-05-01T05:00:00Z", "is_active": true}}, {"model": "accounts.city", "pk": 107, "fields": {"name": "Pueblorrico", "region": 2, "created_at": "2023-05-01T05:00:00Z", "updated_at": "2023-05-01T05:00:00Z", "is_active": true}}, {"model": "accounts.city", "pk": 108, "fields": {"name": "Salgar", "region": 2, "created_at": "2023-05-01T05:00:00Z", "updated_at": "2023-05-01T05:00:00Z", "is_active": true}}, {"model": "accounts.city", "pk": 109, "fields": {"name": "Santa Barbara", "region": 2, "created_at": "2023-05-01T05:00:00Z", "updated_at": "2023-05-01T05:00:00Z", "is_active": true}}, {"model": "accounts.city", "pk": 110, "fields": {"name": "Támesis", "region": 2, "created_at": "2023-05-01T05:00:00Z", "updated_at": "2023-05-01T05:00:00Z", "is_active": true}}, {"model": "accounts.city", "pk": 111, "fields": {"name": "Tarso", "region": 2, "created_at": "2023-05-01T05:00:00Z", "updated_at": "2023-05-01T05:00:00Z", "is_active": true}}, {"model": "accounts.city", "pk": 112, "fields": {"name": "Titiribí", "region": 2, "created_at": "2023-05-01T05:00:00Z", "updated_at": "2023-05-01T05:00:00Z", "is_active": true}}, {"model": "accounts.city", "pk": 113, "fields": {"name": "Urrao", "region": 2, "created_at": "2023-05-01T05:00:00Z", "updated_at": "2023-05-01T05:00:00Z", "is_active": true}}, {"model": "accounts.city", "pk": 114, "fields": {"name": "Valparaiso", "region": 2, "created_at": "2023-05-01T05:00:00Z", "updated_at": "2023-05-01T05:00:00Z", "is_active": true}}, {"model": "accounts.city", "pk": 115, "fields": {"name": "Venecia", "region": 2, "created_at": "2023-05-01T05:00:00Z", "updated_at": "2023-05-01T05:00:00Z", "is_active": true}}, {"model": "accounts.city", "pk": 116, "fields": {"name": "Apartadó", "region": 2, "created_at": "2023-05-01T05:00:00Z", "updated_at": "2023-05-01T05:00:00Z", "is_active": true}}, {"model": "accounts.city", "pk": 117, "fields": {"name": "Arboletes", "region": 2, "created_at": "2023-05-01T05:00:00Z", "updated_at": "2023-05-01T05:00:00Z", "is_active": true}}, {"model": "accounts.city", "pk": 118, "fields": {"name": "Carepa", "region": 2, "created_at": "2023-05-01T05:00:00Z", "updated_at": "2023-05-01T05:00:00Z", "is_active": true}}, {"model": "accounts.city", "pk": 119, "fields": {"name": "Chigorodó", "region": 2, "created_at": "2023-05-01T05:00:00Z", "updated_at": "2023-05-01T05:00:00Z", "is_active": true}}, {"model": "accounts.city", "pk": 120, "fields": {"name": "Murindó", "region": 2, "created_at": "2023-05-01T05:00:00Z", "updated_at": "2023-05-01T05:00:00Z", "is_active": true}}, {"model": "accounts.city", "pk": 121, "fields": {"name": "Mutata", "region": 2, "created_at": "2023-05-01T05:00:00Z", "updated_at": "2023-05-01T05:00:00Z", "is_active": true}}, {"model": "accounts.city", "pk": 122, "fields": {"name": "Necoclí", "region": 2, "created_at": "2023-05-01T05:00:00Z", "updated_at": "2023-05-01T05:00:00Z", "is_active": true}}, {"model": "accounts.city", "pk": 123, "fields": {"name": "San Juan De Uraba", "region": 2, "created_at": "2023-05-01T05:00:00Z", "updated_at": "2023-05-01T05:00:00Z", "is_active": true}}, {"model": "accounts.city", "pk": 124, "fields": {"name": "San Pedro De Uraba", "region": 2, "created_at": "2023-05-01T05:00:00Z", "updated_at": "2023-05-01T05:00:00Z", "is_active": true}}, {"model": "accounts.city", "pk": 125, "fields": {"name": "Turbo", "region": 2, "created_at": "2023-05-01T05:00:00Z", "updated_at": "2023-05-01T05:00:00Z", "is_active": true}}, {"model": "accounts.city", "pk": 126, "fields": {"name": "Vigía Del Fuerte", "region": 2, "created_at": "2023-05-01T05:00:00Z", "updated_at": "2023-05-01T05:00:00Z", "is_active": true}}, {"model": "accounts.city", "pk": 127, "fields": {"name": "Barbosa", "region": 2, "created_at": "2023-05-01T05:00:00Z", "updated_at": "2023-05-01T05:00:00Z", "is_active": true}}, {"model": "accounts.city", "pk": 128, "fields": {"name": "Bello", "region": 2, "created_at": "2023-05-01T05:00:00Z", "updated_at": "2023-05-01T05:00:00Z", "is_active": true}}, {"model": "accounts.city", "pk": 129, "fields": {"name": "Caldas", "region": 2, "created_at": "2023-05-01T05:00:00Z", "updated_at": "2023-05-01T05:00:00Z", "is_active": true}}, {"model": "accounts.city", "pk": 130, "fields": {"name": "Copacabana", "region": 2, "created_at": "2023-05-01T05:00:00Z", "updated_at": "2023-05-01T05:00:00Z", "is_active": true}}, {"model": "accounts.city", "pk": 131, "fields": {"name": "Envigado", "region": 2, "created_at": "2023-05-01T05:00:00Z", "updated_at": "2023-05-01T05:00:00Z", "is_active": true}}, {"model": "accounts.city", "pk": 132, "fields": {"name": "Girardota", "region": 2, "created_at": "2023-05-01T05:00:00Z", "updated_at": "2023-05-01T05:00:00Z", "is_active": true}}, {"model": "accounts.city", "pk": 133, "fields": {"name": "Itagui", "region": 2, "created_at": "2023-05-01T05:00:00Z", "updated_at": "2023-05-01T05:00:00Z", "is_active": true}}, {"model": "accounts.city", "pk": 134, "fields": {"name": "La Estrella", "region": 2, "created_at": "2023-05-01T05:00:00Z", "updated_at": "2023-05-01T05:00:00Z", "is_active": true}}, {"model": "accounts.city", "pk": 135, "fields": {"name": "Medellín", "region": 2, "created_at": "2023-05-01T05:00:00Z", "updated_at": "2023-05-01T05:00:00Z", "is_active": true}}, {"model": "accounts.city", "pk": 136, "fields": {"name": "Sabaneta", "region": 2, "created_at": "2023-05-01T05:00:00Z", "updated_at": "2023-05-01T05:00:00Z", "is_active": true}}, {"model": "accounts.city", "pk": 137, "fields": {"name": "Arauca", "region": 3, "created_at": "2023-05-01T05:00:00Z", "updated_at": "2023-05-01T05:00:00Z", "is_active": true}}, {"model": "accounts.city", "pk": 138, "fields": {"name": "Arauquita", "region": 3, "created_at": "2023-05-01T05:00:00Z", "updated_at": "2023-05-01T05:00:00Z", "is_active": true}}, {"model": "accounts.city", "pk": 139, "fields": {"name": "Cravo Norte", "region": 3, "created_at": "2023-05-01T05:00:00Z", "updated_at": "2023-05-01T05:00:00Z", "is_active": true}}, {"model": "accounts.city", "pk": 140, "fields": {"name": "Fortul", "region": 3, "created_at": "2023-05-01T05:00:00Z", "updated_at": "2023-05-01T05:00:00Z", "is_active": true}}, {"model": "accounts.city", "pk": 141, "fields": {"name": "Puerto Rondón", "region": 3, "created_at": "2023-05-01T05:00:00Z", "updated_at": "2023-05-01T05:00:00Z", "is_active": true}}, {"model": "accounts.city", "pk": 142, "fields": {"name": "Saravena", "region": 3, "created_at": "2023-05-01T05:00:00Z", "updated_at": "2023-05-01T05:00:00Z", "is_active": true}}, {"model": "accounts.city", "pk": 143, "fields": {"name": "Tame", "region": 3, "created_at": "2023-05-01T05:00:00Z", "updated_at": "2023-05-01T05:00:00Z", "is_active": true}}, {"model": "accounts.city", "pk": 144, "fields": {"name": "Barranquilla", "region": 4, "created_at": "2023-05-01T05:00:00Z", "updated_at": "2023-05-01T05:00:00Z", "is_active": true}}, {"model": "accounts.city", "pk": 145, "fields": {"name": "Galapa", "region": 4, "created_at": "2023-05-01T05:00:00Z", "updated_at": "2023-05-01T05:00:00Z", "is_active": true}}, {"model": "accounts.city", "pk": 146, "fields": {"name": "Malambo", "region": 4, "created_at": "2023-05-01T05:00:00Z", "updated_at": "2023-05-01T05:00:00Z", "is_active": true}}, {"model": "accounts.city", "pk": 147, "fields": {"name": "Puerto Colombia", "region": 4, "created_at": "2023-05-01T05:00:00Z", "updated_at": "2023-05-01T05:00:00Z", "is_active": true}}, {"model": "accounts.city", "pk": 148, "fields": {"name": "Soledad", "region": 4, "created_at": "2023-05-01T05:00:00Z", "updated_at": "2023-05-01T05:00:00Z", "is_active": true}}, {"model": "accounts.city", "pk": 149, "fields": {"name": "Campo De La Cruz", "region": 4, "created_at": "2023-05-01T05:00:00Z", "updated_at": "2023-05-01T05:00:00Z", "is_active": true}}, {"model": "accounts.city", "pk": 150, "fields": {"name": "Candelaria", "region": 4, "created_at": "2023-05-01T05:00:00Z", "updated_at": "2023-05-01T05:00:00Z", "is_active": true}}, {"model": "accounts.city", "pk": 151, "fields": {"name": "Luruaco", "region": 4, "created_at": "2023-05-01T05:00:00Z", "updated_at": "2023-05-01T05:00:00Z", "is_active": true}}, {"model": "accounts.city", "pk": 152, "fields": {"name": "Manati", "region": 4, "created_at": "2023-05-01T05:00:00Z", "updated_at": "2023-05-01T05:00:00Z", "is_active": true}}, {"model": "accounts.city", "pk": 153, "fields": {"name": "Repelon", "region": 4, "created_at": "2023-05-01T05:00:00Z", "updated_at": "2023-05-01T05:00:00Z", "is_active": true}}, {"model": "accounts.city", "pk": 154, "fields": {"name": "Santa Lucia", "region": 4, "created_at": "2023-05-01T05:00:00Z", "updated_at": "2023-05-01T05:00:00Z", "is_active": true}}, {"model": "accounts.city", "pk": 155, "fields": {"name": "Suan", "region": 4, "created_at": "2023-05-01T05:00:00Z", "updated_at": "2023-05-01T05:00:00Z", "is_active": true}}, {"model": "accounts.city", "pk": 156, "fields": {"name": "Baranoa", "region": 4, "created_at": "2023-05-01T05:00:00Z", "updated_at": "2023-05-01T05:00:00Z", "is_active": true}}, {"model": "accounts.city", "pk": 157, "fields": {"name": "Palmar De Varela", "region": 4, "created_at": "2023-05-01T05:00:00Z", "updated_at": "2023-05-01T05:00:00Z", "is_active": true}}, {"model": "accounts.city", "pk": 158, "fields": {"name": "Polonuevo", "region": 4, "created_at": "2023-05-01T05:00:00Z", "updated_at": "2023-05-01T05:00:00Z", "is_active": true}}, {"model": "accounts.city", "pk": 159, "fields": {"name": "Ponedera", "region": 4, "created_at": "2023-05-01T05:00:00Z", "updated_at": "2023-05-01T05:00:00Z", "is_active": true}}, {"model": "accounts.city", "pk": 160, "fields": {"name": "Sabanagrande", "region": 4, "created_at": "2023-05-01T05:00:00Z", "updated_at": "2023-05-01T05:00:00Z", "is_active": true}}, {"model": "accounts.city", "pk": 161, "fields": {"name": "Sabanalarga", "region": 4, "created_at": "2023-05-01T05:00:00Z", "updated_at": "2023-05-01T05:00:00Z", "is_active": true}}, {"model": "accounts.city", "pk": 162, "fields": {"name": "Santo Tomas", "region": 4, "created_at": "2023-05-01T05:00:00Z", "updated_at": "2023-05-01T05:00:00Z", "is_active": true}}, {"model": "accounts.city", "pk": 163, "fields": {"name": "Juan De Acosta", "region": 4, "created_at": "2023-05-01T05:00:00Z", "updated_at": "2023-05-01T05:00:00Z", "is_active": true}}, {"model": "accounts.city", "pk": 164, "fields": {"name": "Piojó", "region": 4, "created_at": "2023-05-01T05:00:00Z", "updated_at": "2023-05-01T05:00:00Z", "is_active": true}}, {"model": "accounts.city", "pk": 165, "fields": {"name": "Tubara", "region": 4, "created_at": "2023-05-01T05:00:00Z", "updated_at": "2023-05-01T05:00:00Z", "is_active": true}}, {"model": "accounts.city", "pk": 166, "fields": {"name": "Usiacuri", "region": 4, "created_at": "2023-05-01T05:00:00Z", "updated_at": "2023-05-01T05:00:00Z", "is_active": true}}, {"model": "accounts.city", "pk": 167, "fields": {"name": "Bogotá D.C.", "region": 5, "created_at": "2023-05-01T05:00:00Z", "updated_at": "2023-05-01T05:00:00Z", "is_active": true}}, {"model": "accounts.city", "pk": 168, "fields": {"name": "Cicuco", "region": 6, "created_at": "2023-05-01T05:00:00Z", "updated_at": "2023-05-01T05:00:00Z", "is_active": true}}, {"model": "accounts.city", "pk": 169, "fields": {"name": "Hatillo De Loba", "region": 6, "created_at": "2023-05-01T05:00:00Z", "updated_at": "2023-05-01T05:00:00Z", "is_active": true}}, {"model": "accounts.city", "pk": 170, "fields": {"name": "Margarita", "region": 6, "created_at": "2023-05-01T05:00:00Z", "updated_at": "2023-05-01T05:00:00Z", "is_active": true}}, {"model": "accounts.city", "pk": 171, "fields": {"name": "Mompós", "region": 6, "created_at": "2023-05-01T05:00:00Z", "updated_at": "2023-05-01T05:00:00Z", "is_active": true}}, {"model": "accounts.city", "pk": 172, "fields": {"name": "San Fernando", "region": 6, "created_at": "2023-05-01T05:00:00Z", "updated_at": "2023-05-01T05:00:00Z", "is_active": true}}, {"model": "accounts.city", "pk": 173, "fields": {"name": "Talaigua Nuevo", "region": 6, "created_at": "2023-05-01T05:00:00Z", "updated_at": "2023-05-01T05:00:00Z", "is_active": true}}, {"model": "accounts.city", "pk": 174, "fields": {"name": "Arjona", "region": 6, "created_at": "2023-05-01T05:00:00Z", "updated_at": "2023-05-01T05:00:00Z", "is_active": true}}, {"model": "accounts.city", "pk": 175, "fields": {"name": "Arroyohondo", "region": 6, "created_at": "2023-05-01T05:00:00Z", "updated_at": "2023-05-01T05:00:00Z", "is_active": true}}, {"model": "accounts.city", "pk": 176, "fields": {"name": "Calamar", "region": 6, "created_at": "2023-05-01T05:00:00Z", "updated_at": "2023-05-01T05:00:00Z", "is_active": true}}, {"model": "accounts.city", "pk": 177, "fields": {"name": "Cartagena", "region": 6, "created_at": "2023-05-01T05:00:00Z", "updated_at": "2023-05-01T05:00:00Z", "is_active": true}}, {"model": "accounts.city", "pk": 178, "fields": {"name": "Clemencia", "region": 6, "created_at": "2023-05-01T05:00:00Z", "updated_at": "2023-05-01T05:00:00Z", "is_active": true}}, {"model": "accounts.city", "pk": 179, "fields": {"name": "Mahates", "region": 6, "created_at": "2023-05-01T05:00:00Z", "updated_at": "2023-05-01T05:00:00Z", "is_active": true}}, {"model": "accounts.city", "pk": 180, "fields": {"name": "San Cristobal", "region": 6, "created_at": "2023-05-01T05:00:00Z", "updated_at": "2023-05-01T05:00:00Z", "is_active": true}}, {"model": "accounts.city", "pk": 181, "fields": {"name": "San Estanislao", "region": 6, "created_at": "2023-05-01T05:00:00Z", "updated_at": "2023-05-01T05:00:00Z", "is_active": true}}, {"model": "accounts.city", "pk": 182, "fields": {"name": "Santa Catalina", "region": 6, "created_at": "2023-05-01T05:00:00Z", "updated_at": "2023-05-01T05:00:00Z", "is_active": true}}, {"model": "accounts.city", "pk": 183, "fields": {"name": "Santa Rosa De Lima", "region": 6, "created_at": "2023-05-01T05:00:00Z", "updated_at": "2023-05-01T05:00:00Z", "is_active": true}}, {"model": "accounts.city", "pk": 184, "fields": {"name": "Soplaviento", "region": 6, "created_at": "2023-05-01T05:00:00Z", "updated_at": "2023-05-01T05:00:00Z", "is_active": true}}, {"model": "accounts.city", "pk": 185, "fields": {"name": "Turbaco", "region": 6, "created_at": "2023-05-01T05:00:00Z", "updated_at": "2023-05-01T05:00:00Z", "is_active": true}}, {"model": "accounts.city", "pk": 186, "fields": {"name": "Turbana", "region": 6, "created_at": "2023-05-01T05:00:00Z", "updated_at": "2023-05-01T05:00:00Z", "is_active": true}}, {"model": "accounts.city", "pk": 187, "fields": {"name": "Villanueva", "region": 6, "created_at": "2023-05-01T05:00:00Z", "updated_at": "2023-05-01T05:00:00Z", "is_active": true}}, {"model": "accounts.city", "pk": 188, "fields": {"name": "Altos Del Rosario", "region": 6, "created_at": "2023-05-01T05:00:00Z", "updated_at": "2023-05-01T05:00:00Z", "is_active": true}}, {"model": "accounts.city", "pk": 189, "fields": {"name": "Barranco De Loba", "region": 6, "created_at": "2023-05-01T05:00:00Z", "updated_at": "2023-05-01T05:00:00Z", "is_active": true}}, {"model": "accounts.city", "pk": 190, "fields": {"name": "El Peñon", "region": 6, "created_at": "2023-05-01T05:00:00Z", "updated_at": "2023-05-01T05:00:00Z", "is_active": true}}, {"model": "accounts.city", "pk": 191, "fields": {"name": "Regidor", "region": 6, "created_at": "2023-05-01T05:00:00Z", "updated_at": "2023-05-01T05:00:00Z", "is_active": true}}, {"model": "accounts.city", "pk": 192, "fields": {"name": "Río Viejo", "region": 6, "created_at": "2023-05-01T05:00:00Z", "updated_at": "2023-05-01T05:00:00Z", "is_active": true}}, {"model": "accounts.city", "pk": 193, "fields": {"name": "San Martin De Loba", "region": 6, "created_at": "2023-05-01T05:00:00Z", "updated_at": "2023-05-01T05:00:00Z", "is_active": true}}, {"model": "accounts.city", "pk": 194, "fields": {"name": "Arenal", "region": 6, "created_at": "2023-05-01T05:00:00Z", "updated_at": "2023-05-01T05:00:00Z", "is_active": true}}, {"model": "accounts.city", "pk": 195, "fields": {"name": "Cantagallo", "region": 6, "created_at": "2023-05-01T05:00:00Z", "updated_at": "2023-05-01T05:00:00Z", "is_active": true}}, {"model": "accounts.city", "pk": 196, "fields": {"name": "Morales", "region": 6, "created_at": "2023-05-01T05:00:00Z", "updated_at": "2023-05-01T05:00:00Z", "is_active": true}}, {"model": "accounts.city", "pk": 197, "fields": {"name": "San Pablo", "region": 6, "created_at": "2023-05-01T05:00:00Z", "updated_at": "2023-05-01T05:00:00Z", "is_active": true}}, {"model": "accounts.city", "pk": 198, "fields": {"name": "Santa Rosa Del Sur", "region": 6, "created_at": "2023-05-01T05:00:00Z", "updated_at": "2023-05-01T05:00:00Z", "is_active": true}}, {"model": "accounts.city", "pk": 199, "fields": {"name": "Simití", "region": 6, "created_at": "2023-05-01T05:00:00Z", "updated_at": "2023-05-01T05:00:00Z", "is_active": true}}, {"model": "accounts.city", "pk": 200, "fields": {"name": "Achí", "region": 6, "created_at": "2023-05-01T05:00:00Z", "updated_at": "2023-05-01T05:00:00Z", "is_active": true}}, {"model": "accounts.city", "pk": 201, "fields": {"name": "Magangué", "region": 6, "created_at": "2023-05-01T05:00:00Z", "updated_at": "2023-05-01T05:00:00Z", "is_active": true}}, {"model": "accounts.city", "pk": 202, "fields": {"name": "Montecristo", "region": 6, "created_at": "2023-05-01T05:00:00Z", "updated_at": "2023-05-01T05:00:00Z", "is_active": true}}, {"model": "accounts.city", "pk": 203, "fields": {"name": "Pinillos", "region": 6, "created_at": "2023-05-01T05:00:00Z", "updated_at": "2023-05-01T05:00:00Z", "is_active": true}}, {"model": "accounts.city", "pk": 204, "fields": {"name": "San Jacinto Del Cauca", "region": 6, "created_at": "2023-05-01T05:00:00Z", "updated_at": "2023-05-01T05:00:00Z", "is_active": true}}, {"model": "accounts.city", "pk": 205, "fields": {"name": "Tiquisio", "region": 6, "created_at": "2023-05-01T05:00:00Z", "updated_at": "2023-05-01T05:00:00Z", "is_active": true}}, {"model": "accounts.city", "pk": 206, "fields": {"name": "Carmen De Bolívar", "region": 6, "created_at": "2023-05-01T05:00:00Z", "updated_at": "2023-05-01T05:00:00Z", "is_active": true}}, {"model": "accounts.city", "pk": 207, "fields": {"name": "Córdoba", "region": 6, "created_at": "2023-05-01T05:00:00Z", "updated_at": "2023-05-01T05:00:00Z", "is_active": true}}, {"model": "accounts.city", "pk": 208, "fields": {"name": "El Guamo", "region": 6, "created_at": "2023-05-01T05:00:00Z", "updated_at": "2023-05-01T05:00:00Z", "is_active": true}}, {"model": "accounts.city", "pk": 209, "fields": {"name": "María La Baja", "region": 6, "created_at": "2023-05-01T05:00:00Z", "updated_at": "2023-05-01T05:00:00Z", "is_active": true}}, {"model": "accounts.city", "pk": 210, "fields": {"name": "San Jacinto", "region": 6, "created_at": "2023-05-01T05:00:00Z", "updated_at": "2023-05-01T05:00:00Z", "is_active": true}}, {"model": "accounts.city", "pk": 211, "fields": {"name": "San Juan Nepomuceno", "region": 6, "created_at": "2023-05-01T05:00:00Z", "updated_at": "2023-05-01T05:00:00Z", "is_active": true}}, {"model": "accounts.city", "pk": 212, "fields": {"name": "Zambrano", "region": 6, "created_at": "2023-05-01T05:00:00Z", "updated_at": "2023-05-01T05:00:00Z", "is_active": true}}, {"model": "accounts.city", "pk": 213, "fields": {"name": "Chíquiza", "region": 7, "created_at": "2023-05-01T05:00:00Z", "updated_at": "2023-05-01T05:00:00Z", "is_active": true}}, {"model": "accounts.city", "pk": 214, "fields": {"name": "Chivatá", "region": 7, "created_at": "2023-05-01T05:00:00Z", "updated_at": "2023-05-01T05:00:00Z", "is_active": true}}, {"model": "accounts.city", "pk": 215, "fields": {"name": "Cómbita", "region": 7, "created_at": "2023-05-01T05:00:00Z", "updated_at": "2023-05-01T05:00:00Z", "is_active": true}}, {"model": "accounts.city", "pk": 216, "fields": {"name": "Cucaita", "region": 7, "created_at": "2023-05-01T05:00:00Z", "updated_at": "2023-05-01T05:00:00Z", "is_active": true}}, {"model": "accounts.city", "pk": 217, "fields": {"name": "Motavita", "region": 7, "created_at": "2023-05-01T05:00:00Z", "updated_at": "2023-05-01T05:00:00Z", "is_active": true}}, {"model": "accounts.city", "pk": 218, "fields": {"name": "Oicatá", "region": 7, "created_at": "2023-05-01T05:00:00Z", "updated_at": "2023-05-01T05:00:00Z", "is_active": true}}, {"model": "accounts.city", "pk": 219, "fields": {"name": "Samacá", "region": 7, "created_at": "2023-05-01T05:00:00Z", "updated_at": "2023-05-01T05:00:00Z", "is_active": true}}, {"model": "accounts.city", "pk": 220, "fields": {"name": "Siachoque", "region": 7, "created_at": "2023-05-01T05:00:00Z", "updated_at": "2023-05-01T05:00:00Z", "is_active": true}}, {"model": "accounts.city", "pk": 221, "fields": {"name": "Sora", "region": 7, "created_at": "2023-05-01T05:00:00Z", "updated_at": "2023-05-01T05:00:00Z", "is_active": true}}, {"model": "accounts.city", "pk": 222, "fields": {"name": "Soracá", "region": 7, "created_at": "2023-05-01T05:00:00Z", "updated_at": "2023-05-01T05:00:00Z", "is_active": true}}, {"model": "accounts.city", "pk": 223, "fields": {"name": "Sotaquirá", "region": 7, "created_at": "2023-05-01T05:00:00Z", "updated_at": "2023-05-01T05:00:00Z", "is_active": true}}, {"model": "accounts.city", "pk": 224, "fields": {"name": "Toca", "region": 7, "created_at": "2023-05-01T05:00:00Z", "updated_at": "2023-05-01T05:00:00Z", "is_active": true}}, {"model": "accounts.city", "pk": 225, "fields": {"name": "Tunja", "region": 7, "created_at": "2023-05-01T05:00:00Z", "updated_at": "2023-05-01T05:00:00Z", "is_active": true}}, {"model": "accounts.city", "pk": 226, "fields": {"name": "Tuta", "region": 7, "created_at": "2023-05-01T05:00:00Z", "updated_at": "2023-05-01T05:00:00Z", "is_active": true}}, {"model": "accounts.city", "pk": 227, "fields": {"name": "Ventaquemada", "region": 7, "created_at": "2023-05-01T05:00:00Z", "updated_at": "2023-05-01T05:00:00Z", "is_active": true}}, {"model": "accounts.city", "pk": 228, "fields": {"name": "Chiscas", "region": 7, "created_at": "2023-05-01T05:00:00Z", "updated_at": "2023-05-01T05:00:00Z", "is_active": true}}, {"model": "accounts.city", "pk": 229, "fields": {"name": "Cubará", "region": 7, "created_at": "2023-05-01T05:00:00Z", "updated_at": "2023-05-01T05:00:00Z", "is_active": true}}, {"model": "accounts.city", "pk": 230, "fields": {"name": "El Cocuy", "region": 7, "created_at": "2023-05-01T05:00:00Z", "updated_at": "2023-05-01T05:00:00Z", "is_active": true}}, {"model": "accounts.city", "pk": 231, "fields": {"name": "El Espino", "region": 7, "created_at": "2023-05-01T05:00:00Z", "updated_at": "2023-05-01T05:00:00Z", "is_active": true}}, {"model": "accounts.city", "pk": 232, "fields": {"name": "Guacamayas", "region": 7, "created_at": "2023-05-01T05:00:00Z", "updated_at": "2023-05-01T05:00:00Z", "is_active": true}}, {"model": "accounts.city", "pk": 233, "fields": {"name": "Güicán", "region": 7, "created_at": "2023-05-01T05:00:00Z", "updated_at": "2023-05-01T05:00:00Z", "is_active": true}}, {"model": "accounts.city", "pk": 234, "fields": {"name": "Panqueba", "region": 7, "created_at": "2023-05-01T05:00:00Z", "updated_at": "2023-05-01T05:00:00Z", "is_active": true}}, {"model": "accounts.city", "pk": 235, "fields": {"name": "Labranzagrande", "region": 7, "created_at": "2023-05-01T05:00:00Z", "updated_at": "2023-05-01T05:00:00Z", "is_active": true}}, {"model": "accounts.city", "pk": 236, "fields": {"name": "Pajarito", "region": 7, "created_at": "2023-05-01T05:00:00Z", "updated_at": "2023-05-01T05:00:00Z", "is_active": true}}, {"model": "accounts.city", "pk": 237, "fields": {"name": "Paya", "region": 7, "created_at": "2023-05-01T05:00:00Z", "updated_at": "2023-05-01T05:00:00Z", "is_active": true}}, {"model": "accounts.city", "pk": 238, "fields": {"name": "Pisba", "region": 7, "created_at": "2023-05-01T05:00:00Z", "updated_at": "2023-05-01T05:00:00Z", "is_active": true}}, {"model": "accounts.city", "pk": 239, "fields": {"name": "Berbeo", "region": 7, "created_at": "2023-05-01T05:00:00Z", "updated_at": "2023-05-01T05:00:00Z", "is_active": true}}, {"model": "accounts.city", "pk": 240, "fields": {"name": "Campohermoso", "region": 7, "created_at": "2023-05-01T05:00:00Z", "updated_at": "2023-05-01T05:00:00Z", "is_active": true}}, {"model": "accounts.city", "pk": 241, "fields": {"name": "Miraflores", "region": 7, "created_at": "2023-05-01T05:00:00Z", "updated_at": "2023-05-01T05:00:00Z", "is_active": true}}, {"model": "accounts.city", "pk": 242, "fields": {"name": "Páez", "region": 7, "created_at": "2023-05-01T05:00:00Z", "updated_at": "2023-05-01T05:00:00Z", "is_active": true}}, {"model": "accounts.city", "pk": 243, "fields": {"name": "San Eduardo", "region": 7, "created_at": "2023-05-01T05:00:00Z", "updated_at": "2023-05-01T05:00:00Z", "is_active": true}}, {"model": "accounts.city", "pk": 244, "fields": {"name": "Zetaquira", "region": 7, "created_at": "2023-05-01T05:00:00Z", "updated_at": "2023-05-01T05:00:00Z", "is_active": true}}, {"model": "accounts.city", "pk": 245, "fields": {"name": "Boyacá", "region": 7, "created_at": "2023-05-01T05:00:00Z", "updated_at": "2023-05-01T05:00:00Z", "is_active": true}}, {"model": "accounts.city", "pk": 246, "fields": {"name": "Ciénega", "region": 7, "created_at": "2023-05-01T05:00:00Z", "updated_at": "2023-05-01T05:00:00Z", "is_active": true}}, {"model": "accounts.city", "pk": 247, "fields": {"name": "Jenesano", "region": 7, "created_at": "2023-05-01T05:00:00Z", "updated_at": "2023-05-01T05:00:00Z", "is_active": true}}, {"model": "accounts.city", "pk": 248, "fields": {"name": "Nuevo Colón", "region": 7, "created_at": "2023-05-01T05:00:00Z", "updated_at": "2023-05-01T05:00:00Z", "is_active": true}}, {"model": "accounts.city", "pk": 249, "fields": {"name": "Ramiriquí", "region": 7, "created_at": "2023-05-01T05:00:00Z", "updated_at": "2023-05-01T05:00:00Z", "is_active": true}}, {"model": "accounts.city", "pk": 250, "fields": {"name": "Rondón", "region": 7, "created_at": "2023-05-01T05:00:00Z", "updated_at": "2023-05-01T05:00:00Z", "is_active": true}}, {"model": "accounts.city", "pk": 251, "fields": {"name": "Tibaná", "region": 7, "created_at": "2023-05-01T05:00:00Z", "updated_at": "2023-05-01T05:00:00Z", "is_active": true}}, {"model": "accounts.city", "pk": 252, "fields": {"name": "Turmequé", "region": 7, "created_at": "2023-05-01T05:00:00Z", "updated_at": "2023-05-01T05:00:00Z", "is_active": true}}, {"model": "accounts.city", "pk": 253, "fields": {"name": "Umbita", "region": 7, "created_at": "2023-05-01T05:00:00Z", "updated_at": "2023-05-01T05:00:00Z", "is_active": true}}, {"model": "accounts.city", "pk": 254, "fields": {"name": "Viracachá", "region": 7, "created_at": "2023-05-01T05:00:00Z", "updated_at": "2023-05-01T05:00:00Z", "is_active": true}}, {"model": "accounts.city", "pk": 255, "fields": {"name": "Chinavita", "region": 7, "created_at": "2023-05-01T05:00:00Z", "updated_at": "2023-05-01T05:00:00Z", "is_active": true}}, {"model": "accounts.city", "pk": 256, "fields": {"name": "Garagoa", "region": 7, "created_at": "2023-05-01T05:00:00Z", "updated_at": "2023-05-01T05:00:00Z", "is_active": true}}, {"model": "accounts.city", "pk": 257, "fields": {"name": "Macanal", "region": 7, "created_at": "2023-05-01T05:00:00Z", "updated_at": "2023-05-01T05:00:00Z", "is_active": true}}, {"model": "accounts.city", "pk": 258, "fields": {"name": "Pachavita", "region": 7, "created_at": "2023-05-01T05:00:00Z", "updated_at": "2023-05-01T05:00:00Z", "is_active": true}}, {"model": "accounts.city", "pk": 259, "fields": {"name": "San Luis De Gaceno", "region": 7, "created_at": "2023-05-01T05:00:00Z", "updated_at": "2023-05-01T05:00:00Z", "is_active": true}}, {"model": "accounts.city", "pk": 260, "fields": {"name": "Santa María", "region": 7, "created_at": "2023-05-01T05:00:00Z", "updated_at": "2023-05-01T05:00:00Z", "is_active": true}}, {"model": "accounts.city", "pk": 261, "fields": {"name": "Boavita", "region": 7, "created_at": "2023-05-01T05:00:00Z", "updated_at": "2023-05-01T05:00:00Z", "is_active": true}}, {"model": "accounts.city", "pk": 262, "fields": {"name": "Covarachía", "region": 7, "created_at": "2023-05-01T05:00:00Z", "updated_at": "2023-05-01T05:00:00Z", "is_active": true}}, {"model": "accounts.city", "pk": 263, "fields": {"name": "La Uvita", "region": 7, "created_at": "2023-05-01T05:00:00Z", "updated_at": "2023-05-01T05:00:00Z", "is_active": true}}, {"model": "accounts.city", "pk": 264, "fields": {"name": "San Mateo", "region": 7, "created_at": "2023-05-01T05:00:00Z", "updated_at": "2023-05-01T05:00:00Z", "is_active": true}}, {"model": "accounts.city", "pk": 265, "fields": {"name": "Sativanorte", "region": 7, "created_at": "2023-05-01T05:00:00Z", "updated_at": "2023-05-01T05:00:00Z", "is_active": true}}, {"model": "accounts.city", "pk": 266, "fields": {"name": "Sativasur", "region": 7, "created_at": "2023-05-01T05:00:00Z", "updated_at": "2023-05-01T05:00:00Z", "is_active": true}}, {"model": "accounts.city", "pk": 267, "fields": {"name": "Soatá", "region": 7, "created_at": "2023-05-01T05:00:00Z", "updated_at": "2023-05-01T05:00:00Z", "is_active": true}}, {"model": "accounts.city", "pk": 268, "fields": {"name": "Susacón", "region": 7, "created_at": "2023-05-01T05:00:00Z", "updated_at": "2023-05-01T05:00:00Z", "is_active": true}}, {"model": "accounts.city", "pk": 269, "fields": {"name": "Tipacoque", "region": 7, "created_at": "2023-05-01T05:00:00Z", "updated_at": "2023-05-01T05:00:00Z", "is_active": true}}, {"model": "accounts.city", "pk": 270, "fields": {"name": "Briceño", "region": 7, "created_at": "2023-05-01T05:00:00Z", "updated_at": "2023-05-01T05:00:00Z", "is_active": true}}, {"model": "accounts.city", "pk": 271, "fields": {"name": "Buenavista", "region": 7, "created_at": "2023-05-01T05:00:00Z", "updated_at": "2023-05-01T05:00:00Z", "is_active": true}}, {"model": "accounts.city", "pk": 272, "fields": {"name": "Caldas", "region": 7, "created_at": "2023-05-01T05:00:00Z", "updated_at": "2023-05-01T05:00:00Z", "is_active": true}}, {"model": "accounts.city", "pk": 273, "fields": {"name": "Chiquinquirá", "region": 7, "created_at": "2023-05-01T05:00:00Z", "updated_at": "2023-05-01T05:00:00Z", "is_active": true}}, {"model": "accounts.city", "pk": 274, "fields": {"name": "Coper", "region": 7, "created_at": "2023-05-01T05:00:00Z", "updated_at": "2023-05-01T05:00:00Z", "is_active": true}}, {"model": "accounts.city", "pk": 275, "fields": {"name": "La Victoria", "region": 7, "created_at": "2023-05-01T05:00:00Z", "updated_at": "2023-05-01T05:00:00Z", "is_active": true}}, {"model": "accounts.city", "pk": 276, "fields": {"name": "Maripí", "region": 7, "created_at": "2023-05-01T05:00:00Z", "updated_at": "2023-05-01T05:00:00Z", "is_active": true}}, {"model": "accounts.city", "pk": 277, "fields": {"name": "Muzo", "region": 7, "created_at": "2023-05-01T05:00:00Z", "updated_at": "2023-05-01T05:00:00Z", "is_active": true}}, {"model": "accounts.city", "pk": 278, "fields": {"name": "Otanche", "region": 7, "created_at": "2023-05-01T05:00:00Z", "updated_at": "2023-05-01T05:00:00Z", "is_active": true}}, {"model": "accounts.city", "pk": 279, "fields": {"name": "Pauna", "region": 7, "created_at": "2023-05-01T05:00:00Z", "updated_at": "2023-05-01T05:00:00Z", "is_active": true}}, {"model": "accounts.city", "pk": 280, "fields": {"name": "Puerto Boyaca", "region": 7, "created_at": "2023-05-01T05:00:00Z", "updated_at": "2023-05-01T05:00:00Z", "is_active": true}}, {"model": "accounts.city", "pk": 281, "fields": {"name": "Quípama", "region": 7, "created_at": "2023-05-01T05:00:00Z", "updated_at": "2023-05-01T05:00:00Z", "is_active": true}}, {"model": "accounts.city", "pk": 282, "fields": {"name": "Saboyá", "region": 7, "created_at": "2023-05-01T05:00:00Z", "updated_at": "2023-05-01T05:00:00Z", "is_active": true}}, {"model": "accounts.city", "pk": 283, "fields": {"name": "San Miguel De Sema", "region": 7, "created_at": "2023-05-01T05:00:00Z", "updated_at": "2023-05-01T05:00:00Z", "is_active": true}}, {"model": "accounts.city", "pk": 284, "fields": {"name": "San Pablo Borbur", "region": 7, "created_at": "2023-05-01T05:00:00Z", "updated_at": "2023-05-01T05:00:00Z", "is_active": true}}, {"model": "accounts.city", "pk": 285, "fields": {"name": "Tununguá", "region": 7, "created_at": "2023-05-01T05:00:00Z", "updated_at": "2023-05-01T05:00:00Z", "is_active": true}}, {"model": "accounts.city", "pk": 286, "fields": {"name": "Almeida", "region": 7, "created_at": "2023-05-01T05:00:00Z", "updated_at": "2023-05-01T05:00:00Z", "is_active": true}}, {"model": "accounts.city", "pk": 287, "fields": {"name": "Chivor", "region": 7, "created_at": "2023-05-01T05:00:00Z", "updated_at": "2023-05-01T05:00:00Z", "is_active": true}}, {"model": "accounts.city", "pk": 288, "fields": {"name": "Guateque", "region": 7, "created_at": "2023-05-01T05:00:00Z", "updated_at": "2023-05-01T05:00:00Z", "is_active": true}}, {"model": "accounts.city", "pk": 289, "fields": {"name": "Guayatá", "region": 7, "created_at": "2023-05-01T05:00:00Z", "updated_at": "2023-05-01T05:00:00Z", "is_active": true}}, {"model": "accounts.city", "pk": 290, "fields": {"name": "La Capilla", "region": 7, "created_at": "2023-05-01T05:00:00Z", "updated_at": "2023-05-01T05:00:00Z", "is_active": true}}, {"model": "accounts.city", "pk": 291, "fields": {"name": "Somondoco", "region": 7, "created_at": "2023-05-01T05:00:00Z", "updated_at": "2023-05-01T05:00:00Z", "is_active": true}}, {"model": "accounts.city", "pk": 292, "fields": {"name": "Sutatenza", "region": 7, "created_at": "2023-05-01T05:00:00Z", "updated_at": "2023-05-01T05:00:00Z", "is_active": true}}, {"model": "accounts.city", "pk": 293, "fields": {"name": "Tenza", "region": 7, "created_at": "2023-05-01T05:00:00Z", "updated_at": "2023-05-01T05:00:00Z", "is_active": true}}, {"model": "accounts.city", "pk": 294, "fields": {"name": "Arcabuco", "region": 7, "created_at": "2023-05-01T05:00:00Z", "updated_at": "2023-05-01T05:00:00Z", "is_active": true}}, {"model": "accounts.city", "pk": 295, "fields": {"name": "Chitaraque", "region": 7, "created_at": "2023-05-01T05:00:00Z", "updated_at": "2023-05-01T05:00:00Z", "is_active": true}}, {"model": "accounts.city", "pk": 296, "fields": {"name": "Gachantivá", "region": 7, "created_at": "2023-05-01T05:00:00Z", "updated_at": "2023-05-01T05:00:00Z", "is_active": true}}, {"model": "accounts.city", "pk": 297, "fields": {"name": "Moniquirá", "region": 7, "created_at": "2023-05-01T05:00:00Z", "updated_at": "2023-05-01T05:00:00Z", "is_active": true}}, {"model": "accounts.city", "pk": 298, "fields": {"name": "Ráquira", "region": 7, "created_at": "2023-05-01T05:00:00Z", "updated_at": "2023-05-01T05:00:00Z", "is_active": true}}, {"model": "accounts.city", "pk": 299, "fields": {"name": "Sáchica", "region": 7, "created_at": "2023-05-01T05:00:00Z", "updated_at": "2023-05-01T05:00:00Z", "is_active": true}}, {"model": "accounts.city", "pk": 300, "fields": {"name": "San José De Pare", "region": 7, "created_at": "2023-05-01T05:00:00Z", "updated_at": "2023-05-01T05:00:00Z", "is_active": true}}, {"model": "accounts.city", "pk": 301, "fields": {"name": "Santa Sofía", "region": 7, "created_at": "2023-05-01T05:00:00Z", "updated_at": "2023-05-01T05:00:00Z", "is_active": true}}, {"model": "accounts.city", "pk": 302, "fields": {"name": "Santana", "region": 7, "created_at": "2023-05-01T05:00:00Z", "updated_at": "2023-05-01T05:00:00Z", "is_active": true}}, {"model": "accounts.city", "pk": 303, "fields": {"name": "Sutamarchán", "region": 7, "created_at": "2023-05-01T05:00:00Z", "updated_at": "2023-05-01T05:00:00Z", "is_active": true}}, {"model": "accounts.city", "pk": 304, "fields": {"name": "Tinjacá", "region": 7, "created_at": "2023-05-01T05:00:00Z", "updated_at": "2023-05-01T05:00:00Z", "is_active": true}}, {"model": "accounts.city", "pk": 305, "fields": {"name": "Togüí", "region": 7, "created_at": "2023-05-01T05:00:00Z", "updated_at": "2023-05-01T05:00:00Z", "is_active": true}}, {"model": "accounts.city", "pk": 306, "fields": {"name": "Villa De Leyva", "region": 7, "created_at": "2023-05-01T05:00:00Z", "updated_at": "2023-05-01T05:00:00Z", "is_active": true}}, {"model": "accounts.city", "pk": 307, "fields": {"name": "Aquitania", "region": 7, "created_at": "2023-05-01T05:00:00Z", "updated_at": "2023-05-01T05:00:00Z", "is_active": true}}, {"model": "accounts.city", "pk": 308, "fields": {"name": "Cuítiva", "region": 7, "created_at": "2023-05-01T05:00:00Z", "updated_at": "2023-05-01T05:00:00Z", "is_active": true}}, {"model": "accounts.city", "pk": 309, "fields": {"name": "Firavitoba", "region": 7, "created_at": "2023-05-01T05:00:00Z", "updated_at": "2023-05-01T05:00:00Z", "is_active": true}}, {"model": "accounts.city", "pk": 310, "fields": {"name": "Gameza", "region": 7, "created_at": "2023-05-01T05:00:00Z", "updated_at": "2023-05-01T05:00:00Z", "is_active": true}}, {"model": "accounts.city", "pk": 311, "fields": {"name": "Iza", "region": 7, "created_at": "2023-05-01T05:00:00Z", "updated_at": "2023-05-01T05:00:00Z", "is_active": true}}, {"model": "accounts.city", "pk": 312, "fields": {"name": "Mongua", "region": 7, "created_at": "2023-05-01T05:00:00Z", "updated_at": "2023-05-01T05:00:00Z", "is_active": true}}, {"model": "accounts.city", "pk": 313, "fields": {"name": "Monguí", "region": 7, "created_at": "2023-05-01T05:00:00Z", "updated_at": "2023-05-01T05:00:00Z", "is_active": true}}, {"model": "accounts.city", "pk": 314, "fields": {"name": "Nobsa", "region": 7, "created_at": "2023-05-01T05:00:00Z", "updated_at": "2023-05-01T05:00:00Z", "is_active": true}}, {"model": "accounts.city", "pk": 315, "fields": {"name": "Pesca", "region": 7, "created_at": "2023-05-01T05:00:00Z", "updated_at": "2023-05-01T05:00:00Z", "is_active": true}}, {"model": "accounts.city", "pk": 316, "fields": {"name": "Sogamoso", "region": 7, "created_at": "2023-05-01T05:00:00Z", "updated_at": "2023-05-01T05:00:00Z", "is_active": true}}, {"model": "accounts.city", "pk": 317, "fields": {"name": "Tibasosa", "region": 7, "created_at": "2023-05-01T05:00:00Z", "updated_at": "2023-05-01T05:00:00Z", "is_active": true}}, {"model": "accounts.city", "pk": 318, "fields": {"name": "Tópaga", "region": 7, "created_at": "2023-05-01T05:00:00Z", "updated_at": "2023-05-01T05:00:00Z", "is_active": true}}, {"model": "accounts.city", "pk": 319, "fields": {"name": "Tota", "region": 7, "created_at": "2023-05-01T05:00:00Z", "updated_at": "2023-05-01T05:00:00Z", "is_active": true}}, {"model": "accounts.city", "pk": 320, "fields": {"name": "Belén", "region": 7, "created_at": "2023-05-01T05:00:00Z", "updated_at": "2023-05-01T05:00:00Z", "is_active": true}}, {"model": "accounts.city", "pk": 321, "fields": {"name": "Busbanzá", "region": 7, "created_at": "2023-05-01T05:00:00Z", "updated_at": "2023-05-01T05:00:00Z", "is_active": true}}, {"model": "accounts.city", "pk": 322, "fields": {"name": "Cerinza", "region": 7, "created_at": "2023-05-01T05:00:00Z", "updated_at": "2023-05-01T05:00:00Z", "is_active": true}}, {"model": "accounts.city", "pk": 323, "fields": {"name": "Corrales", "region": 7, "created_at": "2023-05-01T05:00:00Z", "updated_at": "2023-05-01T05:00:00Z", "is_active": true}}, {"model": "accounts.city", "pk": 324, "fields": {"name": "Duitama", "region": 7, "created_at": "2023-05-01T05:00:00Z", "updated_at": "2023-05-01T05:00:00Z", "is_active": true}}, {"model": "accounts.city", "pk": 325, "fields": {"name": "Floresta", "region": 7, "created_at": "2023-05-01T05:00:00Z", "updated_at": "2023-05-01T05:00:00Z", "is_active": true}}, {"model": "accounts.city", "pk": 326, "fields": {"name": "Paipa", "region": 7, "created_at": "2023-05-01T05:00:00Z", "updated_at": "2023-05-01T05:00:00Z", "is_active": true}}, {"model": "accounts.city", "pk": 327, "fields": {"name": "San Rosa Viterbo", "region": 7, "created_at": "2023-05-01T05:00:00Z", "updated_at": "2023-05-01T05:00:00Z", "is_active": true}}, {"model": "accounts.city", "pk": 328, "fields": {"name": "Tutazá", "region": 7, "created_at": "2023-05-01T05:00:00Z", "updated_at": "2023-05-01T05:00:00Z", "is_active": true}}, {"model": "accounts.city", "pk": 329, "fields": {"name": "Betéitiva", "region": 7, "created_at": "2023-05-01T05:00:00Z", "updated_at": "2023-05-01T05:00:00Z", "is_active": true}}, {"model": "accounts.city", "pk": 330, "fields": {"name": "Chita", "region": 7, "created_at": "2023-05-01T05:00:00Z", "updated_at": "2023-05-01T05:00:00Z", "is_active": true}}, {"model": "accounts.city", "pk": 331, "fields": {"name": "Jericó", "region": 7, "created_at": "2023-05-01T05:00:00Z", "updated_at": "2023-05-01T05:00:00Z", "is_active": true}}, {"model": "accounts.city", "pk": 332, "fields": {"name": "Paz De Río", "region": 7, "created_at": "2023-05-01T05:00:00Z", "updated_at": "2023-05-01T05:00:00Z", "is_active": true}}, {"model": "accounts.city", "pk": 333, "fields": {"name": "Socha", "region": 7, "created_at": "2023-05-01T05:00:00Z", "updated_at": "2023-05-01T05:00:00Z", "is_active": true}}, {"model": "accounts.city", "pk": 334, "fields": {"name": "Socotá", "region": 7, "created_at": "2023-05-01T05:00:00Z", "updated_at": "2023-05-01T05:00:00Z", "is_active": true}}, {"model": "accounts.city", "pk": 335, "fields": {"name": "Tasco", "region": 7, "created_at": "2023-05-01T05:00:00Z", "updated_at": "2023-05-01T05:00:00Z", "is_active": true}}, {"model": "accounts.city", "pk": 336, "fields": {"name": "Filadelfia", "region": 8, "created_at": "2023-05-01T05:00:00Z", "updated_at": "2023-05-01T05:00:00Z", "is_active": true}}, {"model": "accounts.city", "pk": 337, "fields": {"name": "La Merced", "region": 8, "created_at": "2023-05-01T05:00:00Z", "updated_at": "2023-05-01T05:00:00Z", "is_active": true}}, {"model": "accounts.city", "pk": 338, "fields": {"name": "Marmato", "region": 8, "created_at": "2023-05-01T05:00:00Z", "updated_at": "2023-05-01T05:00:00Z", "is_active": true}}, {"model": "accounts.city", "pk": 339, "fields": {"name": "Riosucio", "region": 8, "created_at": "2023-05-01T05:00:00Z", "updated_at": "2023-05-01T05:00:00Z", "is_active": true}}, {"model": "accounts.city", "pk": 340, "fields": {"name": "Supía", "region": 8, "created_at": "2023-05-01T05:00:00Z", "updated_at": "2023-05-01T05:00:00Z", "is_active": true}}, {"model": "accounts.city", "pk": 341, "fields": {"name": "Manzanares", "region": 8, "created_at": "2023-05-01T05:00:00Z", "updated_at": "2023-05-01T05:00:00Z", "is_active": true}}, {"model": "accounts.city", "pk": 342, "fields": {"name": "Marquetalia", "region": 8, "created_at": "2023-05-01T05:00:00Z", "updated_at": "2023-05-01T05:00:00Z", "is_active": true}}, {"model": "accounts.city", "pk": 343, "fields": {"name": "Marulanda", "region": 8, "created_at": "2023-05-01T05:00:00Z", "updated_at": "2023-05-01T05:00:00Z", "is_active": true}}, {"model": "accounts.city", "pk": 344, "fields": {"name": "Pensilvania", "region": 8, "created_at": "2023-05-01T05:00:00Z", "updated_at": "2023-05-01T05:00:00Z", "is_active": true}}, {"model": "accounts.city", "pk": 345, "fields": {"name": "Anserma", "region": 8, "created_at": "2023-05-01T05:00:00Z", "updated_at": "2023-05-01T05:00:00Z", "is_active": true}}, {"model": "accounts.city", "pk": 346, "fields": {"name": "Belalcázar", "region": 8, "created_at": "2023-05-01T05:00:00Z", "updated_at": "2023-05-01T05:00:00Z", "is_active": true}}, {"model": "accounts.city", "pk": 347, "fields": {"name": "Risaralda", "region": 8, "created_at": "2023-05-01T05:00:00Z", "updated_at": "2023-05-01T05:00:00Z", "is_active": true}}, {"model": "accounts.city", "pk": 348, "fields": {"name": "San José", "region": 8, "created_at": "2023-05-01T05:00:00Z", "updated_at": "2023-05-01T05:00:00Z", "is_active": true}}, {"model": "accounts.city", "pk": 349, "fields": {"name": "Viterbo", "region": 8, "created_at": "2023-05-01T05:00:00Z", "updated_at": "2023-05-01T05:00:00Z", "is_active": true}}, {"model": "accounts.city", "pk": 350, "fields": {"name": "Chinchina", "region": 8, "created_at": "2023-05-01T05:00:00Z", "updated_at": "2023-05-01T05:00:00Z", "is_active": true}}, {"model": "accounts.city", "pk": 351, "fields": {"name": "Manizales", "region": 8, "created_at": "2023-05-01T05:00:00Z", "updated_at": "2023-05-01T05:00:00Z", "is_active": true}}, {"model": "accounts.city", "pk": 352, "fields": {"name": "Neira", "region": 8, "created_at": "2023-05-01T05:00:00Z", "updated_at": "2023-05-01T05:00:00Z", "is_active": true}}, {"model": "accounts.city", "pk": 353, "fields": {"name": "Palestina", "region": 8, "created_at": "2023-05-01T05:00:00Z", "updated_at": "2023-05-01T05:00:00Z", "is_active": true}}, {"model": "accounts.city", "pk": 354, "fields": {"name": "Villamaria", "region": 8, "created_at": "2023-05-01T05:00:00Z", "updated_at": "2023-05-01T05:00:00Z", "is_active": true}}, {"model": "accounts.city", "pk": 355, "fields": {"name": "Aguadas", "region": 8, "created_at": "2023-05-01T05:00:00Z", "updated_at": "2023-05-01T05:00:00Z", "is_active": true}}, {"model": "accounts.city", "pk": 356, "fields": {"name": "Aranzazu", "region": 8, "created_at": "2023-05-01T05:00:00Z", "updated_at": "2023-05-01T05:00:00Z", "is_active": true}}, {"model": "accounts.city", "pk": 357, "fields": {"name": "Pácora", "region": 8, "created_at": "2023-05-01T05:00:00Z", "updated_at": "2023-05-01T05:00:00Z", "is_active": true}}, {"model": "accounts.city", "pk": 358, "fields": {"name": "Salamina", "region": 8, "created_at": "2023-05-01T05:00:00Z", "updated_at": "2023-05-01T05:00:00Z", "is_active": true}}, {"model": "accounts.city", "pk": 359, "fields": {"name": "La Dorada", "region": 8, "created_at": "2023-05-01T05:00:00Z", "updated_at": "2023-05-01T05:00:00Z", "is_active": true}}, {"model": "accounts.city", "pk": 360, "fields": {"name": "Norcasia", "region": 8, "created_at": "2023-05-01T05:00:00Z", "updated_at": "2023-05-01T05:00:00Z", "is_active": true}}, {"model": "accounts.city", "pk": 361, "fields": {"name": "Samaná", "region": 8, "created_at": "2023-05-01T05:00:00Z", "updated_at": "2023-05-01T05:00:00Z", "is_active": true}}, {"model": "accounts.city", "pk": 362, "fields": {"name": "Victoria", "region": 8, "created_at": "2023-05-01T05:00:00Z", "updated_at": "2023-05-01T05:00:00Z", "is_active": true}}, {"model": "accounts.city", "pk": 363, "fields": {"name": "Albania", "region": 9, "created_at": "2023-05-01T05:00:00Z", "updated_at": "2023-05-01T05:00:00Z", "is_active": true}}, {"model": "accounts.city", "pk": 364, "fields": {"name": "Belén De Los Andaquies", "region": 9, "created_at": "2023-05-01T05:00:00Z", "updated_at": "2023-05-01T05:00:00Z", "is_active": true}}, {"model": "accounts.city", "pk": 365, "fields": {"name": "Cartagena Del Chairá", "region": 9, "created_at": "2023-05-01T05:00:00Z", "updated_at": "2023-05-01T05:00:00Z", "is_active": true}}, {"model": "accounts.city", "pk": 366, "fields": {"name": "Currillo", "region": 9, "created_at": "2023-05-01T05:00:00Z", "updated_at": "2023-05-01T05:00:00Z", "is_active": true}}, {"model": "accounts.city", "pk": 367, "fields": {"name": "El Doncello", "region": 9, "created_at": "2023-05-01T05:00:00Z", "updated_at": "2023-05-01T05:00:00Z", "is_active": true}}, {"model": "accounts.city", "pk": 368, "fields": {"name": "El Paujil", "region": 9, "created_at": "2023-05-01T05:00:00Z", "updated_at": "2023-05-01T05:00:00Z", "is_active": true}}, {"model": "accounts.city", "pk": 369, "fields": {"name": "Florencia", "region": 9, "created_at": "2023-05-01T05:00:00Z", "updated_at": "2023-05-01T05:00:00Z", "is_active": true}}, {"model": "accounts.city", "pk": 370, "fields": {"name": "La Montañita", "region": 9, "created_at": "2023-05-01T05:00:00Z", "updated_at": "2023-05-01T05:00:00Z", "is_active": true}}, {"model": "accounts.city", "pk": 371, "fields": {"name": "Milan", "region": 9, "created_at": "2023-05-01T05:00:00Z", "updated_at": "2023-05-01T05:00:00Z", "is_active": true}}, {"model": "accounts.city", "pk": 372, "fields": {"name": "Morelia", "region": 9, "created_at": "2023-05-01T05:00:00Z", "updated_at": "2023-05-01T05:00:00Z", "is_active": true}}, {"model": "accounts.city", "pk": 373, "fields": {"name": "Puerto Rico", "region": 9, "created_at": "2023-05-01T05:00:00Z", "updated_at": "2023-05-01T05:00:00Z", "is_active": true}}, {"model": "accounts.city", "pk": 374, "fields": {"name": "San Jose Del Fragua", "region": 9, "created_at": "2023-05-01T05:00:00Z", "updated_at": "2023-05-01T05:00:00Z", "is_active": true}}, {"model": "accounts.city", "pk": 375, "fields": {"name": "San Vicente Del Caguán", "region": 9, "created_at": "2023-05-01T05:00:00Z", "updated_at": "2023-05-01T05:00:00Z", "is_active": true}}, {"model": "accounts.city", "pk": 376, "fields": {"name": "Solano", "region": 9, "created_at": "2023-05-01T05:00:00Z", "updated_at": "2023-05-01T05:00:00Z", "is_active": true}}, {"model": "accounts.city", "pk": 377, "fields": {"name": "Solita", "region": 9, "created_at": "2023-05-01T05:00:00Z", "updated_at": "2023-05-01T05:00:00Z", "is_active": true}}, {"model": "accounts.city", "pk": 378, "fields": {"name": "Valparaiso", "region": 9, "created_at": "2023-05-01T05:00:00Z", "updated_at": "2023-05-01T05:00:00Z", "is_active": true}}, {"model": "accounts.city", "pk": 379, "fields": {"name": "Aguazul", "region": 10, "created_at": "2023-05-01T05:00:00Z", "updated_at": "2023-05-01T05:00:00Z", "is_active": true}}, {"model": "accounts.city", "pk": 380, "fields": {"name": "Chameza", "region": 10, "created_at": "2023-05-01T05:00:00Z", "updated_at": "2023-05-01T05:00:00Z", "is_active": true}}, {"model": "accounts.city", "pk": 381, "fields": {"name": "Hato Corozal", "region": 10, "created_at": "2023-05-01T05:00:00Z", "updated_at": "2023-05-01T05:00:00Z", "is_active": true}}, {"model": "accounts.city", "pk": 382, "fields": {"name": "La Salina", "region": 10, "created_at": "2023-05-01T05:00:00Z", "updated_at": "2023-05-01T05:00:00Z", "is_active": true}}, {"model": "accounts.city", "pk": 383, "fields": {"name": "Maní", "region": 10, "created_at": "2023-05-01T05:00:00Z", "updated_at": "2023-05-01T05:00:00Z", "is_active": true}}, {"model": "accounts.city", "pk": 384, "fields": {"name": "Monterrey", "region": 10, "created_at": "2023-05-01T05:00:00Z", "updated_at": "2023-05-01T05:00:00Z", "is_active": true}}, {"model": "accounts.city", "pk": 385, "fields": {"name": "Nunchía", "region": 10, "created_at": "2023-05-01T05:00:00Z", "updated_at": "2023-05-01T05:00:00Z", "is_active": true}}, {"model": "accounts.city", "pk": 386, "fields": {"name": "Orocué", "region": 10, "created_at": "2023-05-01T05:00:00Z", "updated_at": "2023-05-01T05:00:00Z", "is_active": true}}, {"model": "accounts.city", "pk": 387, "fields": {"name": "Paz De Ariporo", "region": 10, "created_at": "2023-05-01T05:00:00Z", "updated_at": "2023-05-01T05:00:00Z", "is_active": true}}, {"model": "accounts.city", "pk": 388, "fields": {"name": "Pore", "region": 10, "created_at": "2023-05-01T05:00:00Z", "updated_at": "2023-05-01T05:00:00Z", "is_active": true}}, {"model": "accounts.city", "pk": 389, "fields": {"name": "Recetor", "region": 10, "created_at": "2023-05-01T05:00:00Z", "updated_at": "2023-05-01T05:00:00Z", "is_active": true}}, {"model": "accounts.city", "pk": 390, "fields": {"name": "Sabanalarga", "region": 10, "created_at": "2023-05-01T05:00:00Z", "updated_at": "2023-05-01T05:00:00Z", "is_active": true}}, {"model": "accounts.city", "pk": 391, "fields": {"name": "Sácama", "region": 10, "created_at": "2023-05-01T05:00:00Z", "updated_at": "2023-05-01T05:00:00Z", "is_active": true}}, {"model": "accounts.city", "pk": 392, "fields": {"name": "San Luis De Palenque", "region": 10, "created_at": "2023-05-01T05:00:00Z", "updated_at": "2023-05-01T05:00:00Z", "is_active": true}}, {"model": "accounts.city", "pk": 393, "fields": {"name": "Támara", "region": 10, "created_at": "2023-05-01T05:00:00Z", "updated_at": "2023-05-01T05:00:00Z", "is_active": true}}, {"model": "accounts.city", "pk": 394, "fields": {"name": "Tauramena", "region": 10, "created_at": "2023-05-01T05:00:00Z", "updated_at": "2023-05-01T05:00:00Z", "is_active": true}}, {"model": "accounts.city", "pk": 395, "fields": {"name": "Trinidad", "region": 10, "created_at": "2023-05-01T05:00:00Z", "updated_at": "2023-05-01T05:00:00Z", "is_active": true}}, {"model": "accounts.city", "pk": 396, "fields": {"name": "Villanueva", "region": 10, "created_at": "2023-05-01T05:00:00Z", "updated_at": "2023-05-01T05:00:00Z", "is_active": true}}, {"model": "accounts.city", "pk": 397, "fields": {"name": "Yopal", "region": 10, "created_at": "2023-05-01T05:00:00Z", "updated_at": "2023-05-01T05:00:00Z", "is_active": true}}, {"model": "accounts.city", "pk": 398, "fields": {"name": "Cajibío", "region": 11, "created_at": "2023-05-01T05:00:00Z", "updated_at": "2023-05-01T05:00:00Z", "is_active": true}}, {"model": "accounts.city", "pk": 399, "fields": {"name": "El Tambo", "region": 11, "created_at": "2023-05-01T05:00:00Z", "updated_at": "2023-05-01T05:00:00Z", "is_active": true}}, {"model": "accounts.city", "pk": 400, "fields": {"name": "La Sierra", "region": 11, "created_at": "2023-05-01T05:00:00Z", "updated_at": "2023-05-01T05:00:00Z", "is_active": true}}, {"model": "accounts.city", "pk": 401, "fields": {"name": "Morales", "region": 11, "created_at": "2023-05-01T05:00:00Z", "updated_at": "2023-05-01T05:00:00Z", "is_active": true}}, {"model": "accounts.city", "pk": 402, "fields": {"name": "Piendamo", "region": 11, "created_at": "2023-05-01T05:00:00Z", "updated_at": "2023-05-01T05:00:00Z", "is_active": true}}, {"model": "accounts.city", "pk": 403, "fields": {"name": "Popayán", "region": 11, "created_at": "2023-05-01T05:00:00Z", "updated_at": "2023-05-01T05:00:00Z", "is_active": true}}, {"model": "accounts.city", "pk": 404, "fields": {"name": "Rosas", "region": 11, "created_at": "2023-05-01T05:00:00Z", "updated_at": "2023-05-01T05:00:00Z", "is_active": true}}, {"model": "accounts.city", "pk": 405, "fields": {"name": "Sotara", "region": 11, "created_at": "2023-05-01T05:00:00Z", "updated_at": "2023-05-01T05:00:00Z", "is_active": true}}, {"model": "accounts.city", "pk": 406, "fields": {"name": "Timbio", "region": 11, "created_at": "2023-05-01T05:00:00Z", "updated_at": "2023-05-01T05:00:00Z", "is_active": true}}, {"model": "accounts.city", "pk": 407, "fields": {"name": "Buenos Aires", "region": 11, "created_at": "2023-05-01T05:00:00Z", "updated_at": "2023-05-01T05:00:00Z", "is_active": true}}, {"model": "accounts.city", "pk": 408, "fields": {"name": "Caloto", "region": 11, "created_at": "2023-05-01T05:00:00Z", "updated_at": "2023-05-01T05:00:00Z", "is_active": true}}, {"model": "accounts.city", "pk": 409, "fields": {"name": "Corinto", "region": 11, "created_at": "2023-05-01T05:00:00Z", "updated_at": "2023-05-01T05:00:00Z", "is_active": true}}, {"model": "accounts.city", "pk": 410, "fields": {"name": "Miranda", "region": 11, "created_at": "2023-05-01T05:00:00Z", "updated_at": "2023-05-01T05:00:00Z", "is_active": true}}, {"model": "accounts.city", "pk": 411, "fields": {"name": "Padilla", "region": 11, "created_at": "2023-05-01T05:00:00Z", "updated_at": "2023-05-01T05:00:00Z", "is_active": true}}, {"model": "accounts.city", "pk": 412, "fields": {"name": "Puerto Tejada", "region": 11, "created_at": "2023-05-01T05:00:00Z", "updated_at": "2023-05-01T05:00:00Z", "is_active": true}}, {"model": "accounts.city", "pk": 413, "fields": {"name": "Santander De Quilichao", "region": 11, "created_at": "2023-05-01T05:00:00Z", "updated_at": "2023-05-01T05:00:00Z", "is_active": true}}, {"model": "accounts.city", "pk": 414, "fields": {"name": "Suarez", "region": 11, "created_at": "2023-05-01T05:00:00Z", "updated_at": "2023-05-01T05:00:00Z", "is_active": true}}, {"model": "accounts.city", "pk": 415, "fields": {"name": "Villa Rica", "region": 11, "created_at": "2023-05-01T05:00:00Z", "updated_at": "2023-05-01T05:00:00Z", "is_active": true}}, {"model": "accounts.city", "pk": 416, "fields": {"name": "Guapi", "region": 11, "created_at": "2023-05-01T05:00:00Z", "updated_at": "2023-05-01T05:00:00Z", "is_active": true}}, {"model": "accounts.city", "pk": 417, "fields": {"name": "Lopez", "region": 11, "created_at": "2023-05-01T05:00:00Z", "updated_at": "2023-05-01T05:00:00Z", "is_active": true}}, {"model": "accounts.city", "pk": 418, "fields": {"name": "Timbiqui", "region": 11, "created_at": "2023-05-01T05:00:00Z", "updated_at": "2023-05-01T05:00:00Z", "is_active": true}}, {"model": "accounts.city", "pk": 419, "fields": {"name": "Caldono", "region": 11, "created_at": "2023-05-01T05:00:00Z", "updated_at": "2023-05-01T05:00:00Z", "is_active": true}}, {"model": "accounts.city", "pk": 420, "fields": {"name": "Inzá", "region": 11, "created_at": "2023-05-01T05:00:00Z", "updated_at": "2023-05-01T05:00:00Z", "is_active": true}}, {"model": "accounts.city", "pk": 421, "fields": {"name": "Jambalo", "region": 11, "created_at": "2023-05-01T05:00:00Z", "updated_at": "2023-05-01T05:00:00Z", "is_active": true}}, {"model": "accounts.city", "pk": 422, "fields": {"name": "Paez", "region": 11, "created_at": "2023-05-01T05:00:00Z", "updated_at": "2023-05-01T05:00:00Z", "is_active": true}}, {"model": "accounts.city", "pk": 423, "fields": {"name": "Purace", "region": 11, "created_at": "2023-05-01T05:00:00Z", "updated_at": "2023-05-01T05:00:00Z", "is_active": true}}, {"model": "accounts.city", "pk": 424, "fields": {"name": "Silvia", "region": 11, "created_at": "2023-05-01T05:00:00Z", "updated_at": "2023-05-01T05:00:00Z", "is_active": true}}, {"model": "accounts.city", "pk": 425, "fields": {"name": "Toribio", "region": 11, "created_at": "2023-05-01T05:00:00Z", "updated_at": "2023-05-01T05:00:00Z", "is_active": true}}, {"model": "accounts.city", "pk": 426, "fields": {"name": "Totoro", "region": 11, "created_at": "2023-05-01T05:00:00Z", "updated_at": "2023-05-01T05:00:00Z", "is_active": true}}, {"model": "accounts.city", "pk": 427, "fields": {"name": "Almaguer", "region": 11, "created_at": "2023-05-01T05:00:00Z", "updated_at": "2023-05-01T05:00:00Z", "is_active": true}}, {"model": "accounts.city", "pk": 428, "fields": {"name": "Argelia", "region": 11, "created_at": "2023-05-01T05:00:00Z", "updated_at": "2023-05-01T05:00:00Z", "is_active": true}}, {"model": "accounts.city", "pk": 429, "fields": {"name": "Balboa", "region": 11, "created_at": "2023-05-01T05:00:00Z", "updated_at": "2023-05-01T05:00:00Z", "is_active": true}}, {"model": "accounts.city", "pk": 430, "fields": {"name": "Bolívar", "region": 11, "created_at": "2023-05-01T05:00:00Z", "updated_at": "2023-05-01T05:00:00Z", "is_active": true}}, {"model": "accounts.city", "pk": 431, "fields": {"name": "Florencia", "region": 11, "created_at": "2023-05-01T05:00:00Z", "updated_at": "2023-05-01T05:00:00Z", "is_active": true}}, {"model": "accounts.city", "pk": 432, "fields": {"name": "La Vega", "region": 11, "created_at": "2023-05-01T05:00:00Z", "updated_at": "2023-05-01T05:00:00Z", "is_active": true}}, {"model": "accounts.city", "pk": 433, "fields": {"name": "Mercaderes", "region": 11, "created_at": "2023-05-01T05:00:00Z", "updated_at": "2023-05-01T05:00:00Z", "is_active": true}}, {"model": "accounts.city", "pk": 434, "fields": {"name": "Patia", "region": 11, "created_at": "2023-05-01T05:00:00Z", "updated_at": "2023-05-01T05:00:00Z", "is_active": true}}, {"model": "accounts.city", "pk": 435, "fields": {"name": "Piamonte", "region": 11, "created_at": "2023-05-01T05:00:00Z", "updated_at": "2023-05-01T05:00:00Z", "is_active": true}}, {"model": "accounts.city", "pk": 436, "fields": {"name": "San Sebastian", "region": 11, "created_at": "2023-05-01T05:00:00Z", "updated_at": "2023-05-01T05:00:00Z", "is_active": true}}, {"model": "accounts.city", "pk": 437, "fields": {"name": "Santa Rosa", "region": 11, "created_at": "2023-05-01T05:00:00Z", "updated_at": "2023-05-01T05:00:00Z", "is_active": true}}, {"model": "accounts.city", "pk": 438, "fields": {"name": "Sucre", "region": 11, "created_at": "2023-05-01T05:00:00Z", "updated_at": "2023-05-01T05:00:00Z", "is_active": true}}, {"model": "accounts.city", "pk": 439, "fields": {"name": "Becerril", "region": 12, "created_at": "2023-05-01T05:00:00Z", "updated_at": "2023-05-01T05:00:00Z", "is_active": true}}, {"model": "accounts.city", "pk": 440, "fields": {"name": "Chimichagua", "region": 12, "created_at": "2023-05-01T05:00:00Z", "updated_at": "2023-05-01T05:00:00Z", "is_active": true}}, {"model": "accounts.city", "pk": 441, "fields": {"name": "Chiriguana", "region": 12, "created_at": "2023-05-01T05:00:00Z", "updated_at": "2023-05-01T05:00:00Z", "is_active": true}}, {"model": "accounts.city", "pk": 442, "fields": {"name": "Curumaní", "region": 12, "created_at": "2023-05-01T05:00:00Z", "updated_at": "2023-05-01T05:00:00Z", "is_active": true}}, {"model": "accounts.city", "pk": 443, "fields": {"name": "La Jagua De Ibirico", "region": 12, "created_at": "2023-05-01T05:00:00Z", "updated_at": "2023-05-01T05:00:00Z", "is_active": true}}, {"model": "accounts.city", "pk": 444, "fields": {"name": "Pailitas", "region": 12, "created_at": "2023-05-01T05:00:00Z", "updated_at": "2023-05-01T05:00:00Z", "is_active": true}}, {"model": "accounts.city", "pk": 445, "fields": {"name": "Tamalameque", "region": 12, "created_at": "2023-05-01T05:00:00Z", "updated_at": "2023-05-01T05:00:00Z", "is_active": true}}, {"model": "accounts.city", "pk": 446, "fields": {"name": "Astrea", "region": 12, "created_at": "2023-05-01T05:00:00Z", "updated_at": "2023-05-01T05:00:00Z", "is_active": true}}, {"model": "accounts.city", "pk": 447, "fields": {"name": "Bosconia", "region": 12, "created_at": "2023-05-01T05:00:00Z", "updated_at": "2023-05-01T05:00:00Z", "is_active": true}}, {"model": "accounts.city", "pk": 448, "fields": {"name": "El Copey", "region": 12, "created_at": "2023-05-01T05:00:00Z", "updated_at": "2023-05-01T05:00:00Z", "is_active": true}}, {"model": "accounts.city", "pk": 449, "fields": {"name": "El Paso", "region": 12, "created_at": "2023-05-01T05:00:00Z", "updated_at": "2023-05-01T05:00:00Z", "is_active": true}}, {"model": "accounts.city", "pk": 450, "fields": {"name": "Agustín Codazzi", "region": 12, "created_at": "2023-05-01T05:00:00Z", "updated_at": "2023-05-01T05:00:00Z", "is_active": true}}, {"model": "accounts.city", "pk": 451, "fields": {"name": "La Paz", "region": 12, "created_at": "2023-05-01T05:00:00Z", "updated_at": "2023-05-01T05:00:00Z", "is_active": true}}, {"model": "accounts.city", "pk": 452, "fields": {"name": "Manaure", "region": 12, "created_at": "2023-05-01T05:00:00Z", "updated_at": "2023-05-01T05:00:00Z", "is_active": true}}, {"model": "accounts.city", "pk": 453, "fields": {"name": "Pueblo Bello", "region": 12, "created_at": "2023-05-01T05:00:00Z", "updated_at": "2023-05-01T05:00:00Z", "is_active": true}}, {"model": "accounts.city", "pk": 454, "fields": {"name": "San Diego", "region": 12, "created_at": "2023-05-01T05:00:00Z", "updated_at": "2023-05-01T05:00:00Z", "is_active": true}}, {"model": "accounts.city", "pk": 455, "fields": {"name": "Valledupar", "region": 12, "created_at": "2023-05-01T05:00:00Z", "updated_at": "2023-05-01T05:00:00Z", "is_active": true}}, {"model": "accounts.city", "pk": 456, "fields": {"name": "Aguachica", "region": 12, "created_at": "2023-05-01T05:00:00Z", "updated_at": "2023-05-01T05:00:00Z", "is_active": true}}, {"model": "accounts.city", "pk": 457, "fields": {"name": "Gamarra", "region": 12, "created_at": "2023-05-01T05:00:00Z", "updated_at": "2023-05-01T05:00:00Z", "is_active": true}}, {"model": "accounts.city", "pk": 458, "fields": {"name": "González", "region": 12, "created_at": "2023-05-01T05:00:00Z", "updated_at": "2023-05-01T05:00:00Z", "is_active": true}}, {"model": "accounts.city", "pk": 459, "fields": {"name": "La Gloria", "region": 12, "created_at": "2023-05-01T05:00:00Z", "updated_at": "2023-05-01T05:00:00Z", "is_active": true}}, {"model": "accounts.city", "pk": 460, "fields": {"name": "Pelaya", "region": 12, "created_at": "2023-05-01T05:00:00Z", "updated_at": "2023-05-01T05:00:00Z", "is_active": true}}, {"model": "accounts.city", "pk": 461, "fields": {"name": "Río De Oro", "region": 12, "created_at": "2023-05-01T05:00:00Z", "updated_at": "2023-05-01T05:00:00Z", "is_active": true}}, {"model": "accounts.city", "pk": 462, "fields": {"name": "San Alberto", "region": 12, "created_at": "2023-05-01T05:00:00Z", "updated_at": "2023-05-01T05:00:00Z", "is_active": true}}, {"model": "accounts.city", "pk": 463, "fields": {"name": "San Martín", "region": 12, "created_at": "2023-05-01T05:00:00Z", "updated_at": "2023-05-01T05:00:00Z", "is_active": true}}, {"model": "accounts.city", "pk": 464, "fields": {"name": "Atrato", "region": 13, "created_at": "2023-05-01T05:00:00Z", "updated_at": "2023-05-01T05:00:00Z", "is_active": true}}, {"model": "accounts.city", "pk": 465, "fields": {"name": "Bagadó", "region": 13, "created_at": "2023-05-01T05:00:00Z", "updated_at": "2023-05-01T05:00:00Z", "is_active": true}}, {"model": "accounts.city", "pk": 466, "fields": {"name": "Bojaya", "region": 13, "created_at": "2023-05-01T05:00:00Z", "updated_at": "2023-05-01T05:00:00Z", "is_active": true}}, {"model": "accounts.city", "pk": 467, "fields": {"name": "El Carmen De Atrato", "region": 13, "created_at": "2023-05-01T05:00:00Z", "updated_at": "2023-05-01T05:00:00Z", "is_active": true}}, {"model": "accounts.city", "pk": 468, "fields": {"name": "Lloró", "region": 13, "created_at": "2023-05-01T05:00:00Z", "updated_at": "2023-05-01T05:00:00Z", "is_active": true}}, {"model": "accounts.city", "pk": 469, "fields": {"name": "Medio Atrato", "region": 13, "created_at": "2023-05-01T05:00:00Z", "updated_at": "2023-05-01T05:00:00Z", "is_active": true}}, {"model": "accounts.city", "pk": 470, "fields": {"name": "Quibdó", "region": 13, "created_at": "2023-05-01T05:00:00Z", "updated_at": "2023-05-01T05:00:00Z", "is_active": true}}, {"model": "accounts.city", "pk": 471, "fields": {"name": "Rio Quito", "region": 13, "created_at": "2023-05-01T05:00:00Z", "updated_at": "2023-05-01T05:00:00Z", "is_active": true}}, {"model": "accounts.city", "pk": 472, "fields": {"name": "Acandí", "region": 13, "created_at": "2023-05-01T05:00:00Z", "updated_at": "2023-05-01T05:00:00Z", "is_active": true}}, {"model": "accounts.city", "pk": 473, "fields": {"name": "Belén De Bajira", "region": 13, "created_at": "2023-05-01T05:00:00Z", "updated_at": "2023-05-01T05:00:00Z", "is_active": true}}, {"model": "accounts.city", "pk": 474, "fields": {"name": "Carmén Del Darién", "region": 13, "created_at": "2023-05-01T05:00:00Z", "updated_at": "2023-05-01T05:00:00Z", "is_active": true}}, {"model": "accounts.city", "pk": 475, "fields": {"name": "Riosucio", "region": 13, "created_at": "2023-05-01T05:00:00Z", "updated_at": "2023-05-01T05:00:00Z", "is_active": true}}, {"model": "accounts.city", "pk": 476, "fields": {"name": "Unguía", "region": 13, "created_at": "2023-05-01T05:00:00Z", "updated_at": "2023-05-01T05:00:00Z", "is_active": true}}, {"model": "accounts.city", "pk": 477, "fields": {"name": "Bahía Solano", "region": 13, "created_at": "2023-05-01T05:00:00Z", "updated_at": "2023-05-01T05:00:00Z", "is_active": true}}, {"model": "accounts.city", "pk": 478, "fields": {"name": "Juradó", "region": 13, "created_at": "2023-05-01T05:00:00Z", "updated_at": "2023-05-01T05:00:00Z", "is_active": true}}, {"model": "accounts.city", "pk": 479, "fields": {"name": "Nuquí", "region": 13, "created_at": "2023-05-01T05:00:00Z", "updated_at": "2023-05-01T05:00:00Z", "is_active": true}}, {"model": "accounts.city", "pk": 480, "fields": {"name": "Alto Baudó", "region": 13, "created_at": "2023-05-01T05:00:00Z", "updated_at": "2023-05-01T05:00:00Z", "is_active": true}}, {"model": "accounts.city", "pk": 481, "fields": {"name": "Bajo Baudó", "region": 13, "created_at": "2023-05-01T05:00:00Z", "updated_at": "2023-05-01T05:00:00Z", "is_active": true}}, {"model": "accounts.city", "pk": 482, "fields": {"name": "El Litoral Del San Juan", "region": 13, "created_at": "2023-05-01T05:00:00Z", "updated_at": "2023-05-01T05:00:00Z", "is_active": true}}, {"model": "accounts.city", "pk": 483, "fields": {"name": "Medio Baudó", "region": 13, "created_at": "2023-05-01T05:00:00Z", "updated_at": "2023-05-01T05:00:00Z", "is_active": true}}, {"model": "accounts.city", "pk": 484, "fields": {"name": "Canton De San Pablo", "region": 13, "created_at": "2023-05-01T05:00:00Z", "updated_at": "2023-05-01T05:00:00Z", "is_active": true}}, {"model": "accounts.city", "pk": 485, "fields": {"name": "Certegui", "region": 13, "created_at": "2023-05-01T05:00:00Z", "updated_at": "2023-05-01T05:00:00Z", "is_active": true}}, {"model": "accounts.city", "pk": 486, "fields": {"name": "Condoto", "region": 13, "created_at": "2023-05-01T05:00:00Z", "updated_at": "2023-05-01T05:00:00Z", "is_active": true}}, {"model": "accounts.city", "pk": 487, "fields": {"name": "Itsmina", "region": 13, "created_at": "2023-05-01T05:00:00Z", "updated_at": "2023-05-01T05:00:00Z", "is_active": true}}, {"model": "accounts.city", "pk": 488, "fields": {"name": "Medio San Juan", "region": 13, "created_at": "2023-05-01T05:00:00Z", "updated_at": "2023-05-01T05:00:00Z", "is_active": true}}, {"model": "accounts.city", "pk": 489, "fields": {"name": "Nóvita", "region": 13, "created_at": "2023-05-01T05:00:00Z", "updated_at": "2023-05-01T05:00:00Z", "is_active": true}}, {"model": "accounts.city", "pk": 490, "fields": {"name": "Río Frío", "region": 13, "created_at": "2023-05-01T05:00:00Z", "updated_at": "2023-05-01T05:00:00Z", "is_active": true}}, {"model": "accounts.city", "pk": 491, "fields": {"name": "San José Del Palmar", "region": 13, "created_at": "2023-05-01T05:00:00Z", "updated_at": "2023-05-01T05:00:00Z", "is_active": true}}, {"model": "accounts.city", "pk": 492, "fields": {"name": "Sipí", "region": 13, "created_at": "2023-05-01T05:00:00Z", "updated_at": "2023-05-01T05:00:00Z", "is_active": true}}, {"model": "accounts.city", "pk": 493, "fields": {"name": "Tadó", "region": 13, "created_at": "2023-05-01T05:00:00Z", "updated_at": "2023-05-01T05:00:00Z", "is_active": true}}, {"model": "accounts.city", "pk": 494, "fields": {"name": "Union Panamericana", "region": 13, "created_at": "2023-05-01T05:00:00Z", "updated_at": "2023-05-01T05:00:00Z", "is_active": true}}, {"model": "accounts.city", "pk": 495, "fields": {"name": "Tierralta", "region": 14, "created_at": "2023-05-01T05:00:00Z", "updated_at": "2023-05-01T05:00:00Z", "is_active": true}}, {"model": "accounts.city", "pk": 496, "fields": {"name": "Valencia", "region": 14, "created_at": "2023-05-01T05:00:00Z", "updated_at": "2023-05-01T05:00:00Z", "is_active": true}}, {"model": "accounts.city", "pk": 497, "fields": {"name": "Chimá", "region": 14, "created_at": "2023-05-01T05:00:00Z", "updated_at": "2023-05-01T05:00:00Z", "is_active": true}}, {"model": "accounts.city", "pk": 498, "fields": {"name": "Cotorra", "region": 14, "created_at": "2023-05-01T05:00:00Z", "updated_at": "2023-05-01T05:00:00Z", "is_active": true}}, {"model": "accounts.city", "pk": 499, "fields": {"name": "Lorica", "region": 14, "created_at": "2023-05-01T05:00:00Z", "updated_at": "2023-05-01T05:00:00Z", "is_active": true}}, {"model": "accounts.city", "pk": 500, "fields": {"name": "Momil", "region": 14, "created_at": "2023-05-01T05:00:00Z", "updated_at": "2023-05-01T05:00:00Z", "is_active": true}}, {"model": "accounts.city", "pk": 501, "fields": {"name": "Purísima", "region": 14, "created_at": "2023-05-01T05:00:00Z", "updated_at": "2023-05-01T05:00:00Z", "is_active": true}}, {"model": "accounts.city", "pk": 502, "fields": {"name": "Montería", "region": 14, "created_at": "2023-05-01T05:00:00Z", "updated_at": "2023-05-01T05:00:00Z", "is_active": true}}, {"model": "accounts.city", "pk": 503, "fields": {"name": "Canalete", "region": 14, "created_at": "2023-05-01T05:00:00Z", "updated_at": "2023-05-01T05:00:00Z", "is_active": true}}, {"model": "accounts.city", "pk": 504, "fields": {"name": "Los Córdobas", "region": 14, "created_at": "2023-05-01T05:00:00Z", "updated_at": "2023-05-01T05:00:00Z", "is_active": true}}, {"model": "accounts.city", "pk": 505, "fields": {"name": "Moñitos", "region": 14, "created_at": "2023-05-01T05:00:00Z", "updated_at": "2023-05-01T05:00:00Z", "is_active": true}}, {"model": "accounts.city", "pk": 506, "fields": {"name": "Puerto Escondido", "region": 14, "created_at": "2023-05-01T05:00:00Z", "updated_at": "2023-05-01T05:00:00Z", "is_active": true}}, {"model": "accounts.city", "pk": 507, "fields": {"name": "San Antero", "region": 14, "created_at": "2023-05-01T05:00:00Z", "updated_at": "2023-05-01T05:00:00Z", "is_active": true}}, {"model": "accounts.city", "pk": 508, "fields": {"name": "San Bernardo Del Viento", "region": 14, "created_at": "2023-05-01T05:00:00Z", "updated_at": "2023-05-01T05:00:00Z", "is_active": true}}, {"model": "accounts.city", "pk": 509, "fields": {"name": "Chinú", "region": 14, "created_at": "2023-05-01T05:00:00Z", "updated_at": "2023-05-01T05:00:00Z", "is_active": true}}, {"model": "accounts.city", "pk": 510, "fields": {"name": "Sahagún", "region": 14, "created_at": "2023-05-01T05:00:00Z", "updated_at": "2023-05-01T05:00:00Z", "is_active": true}}, {"model": "accounts.city", "pk": 511, "fields": {"name": "San Andrés Sotavento", "region": 14, "created_at": "2023-05-01T05:00:00Z", "updated_at": "2023-05-01T05:00:00Z", "is_active": true}}, {"model": "accounts.city", "pk": 512, "fields": {"name": "Ayapel", "region": 14, "created_at": "2023-05-01T05:00:00Z", "updated_at": "2023-05-01T05:00:00Z", "is_active": true}}, {"model": "accounts.city", "pk": 513, "fields": {"name": "Buenavista", "region": 14, "created_at": "2023-05-01T05:00:00Z", "updated_at": "2023-05-01T05:00:00Z", "is_active": true}}, {"model": "accounts.city", "pk": 514, "fields": {"name": "La Apartada", "region": 14, "created_at": "2023-05-01T05:00:00Z", "updated_at": "2023-05-01T05:00:00Z", "is_active": true}}, {"model": "accounts.city", "pk": 515, "fields": {"name": "Montelíbano", "region": 14, "created_at": "2023-05-01T05:00:00Z", "updated_at": "2023-05-01T05:00:00Z", "is_active": true}}, {"model": "accounts.city", "pk": 516, "fields": {"name": "Planeta Rica", "region": 14, "created_at": "2023-05-01T05:00:00Z", "updated_at": "2023-05-01T05:00:00Z", "is_active": true}}, {"model": "accounts.city", "pk": 517, "fields": {"name": "Pueblo Nuevo", "region": 14, "created_at": "2023-05-01T05:00:00Z", "updated_at": "2023-05-01T05:00:00Z", "is_active": true}}, {"model": "accounts.city", "pk": 518, "fields": {"name": "Puerto Libertador", "region": 14, "created_at": "2023-05-01T05:00:00Z", "updated_at": "2023-05-01T05:00:00Z", "is_active": true}}, {"model": "accounts.city", "pk": 519, "fields": {"name": "Cereté", "region": 14, "created_at": "2023-05-01T05:00:00Z", "updated_at": "2023-05-01T05:00:00Z", "is_active": true}}, {"model": "accounts.city", "pk": 520, "fields": {"name": "Ciénaga De Oro", "region": 14, "created_at": "2023-05-01T05:00:00Z", "updated_at": "2023-05-01T05:00:00Z", "is_active": true}}, {"model": "accounts.city", "pk": 521, "fields": {"name": "San Carlos", "region": 14, "created_at": "2023-05-01T05:00:00Z", "updated_at": "2023-05-01T05:00:00Z", "is_active": true}}, {"model": "accounts.city", "pk": 522, "fields": {"name": "San Pelayo", "region": 14, "created_at": "2023-05-01T05:00:00Z", "updated_at": "2023-05-01T05:00:00Z", "is_active": true}}, {"model": "accounts.city", "pk": 523, "fields": {"name": "Chocontá", "region": 15, "created_at": "2023-05-01T05:00:00Z", "updated_at": "2023-05-01T05:00:00Z", "is_active": true}}, {"model": "accounts.city", "pk": 524, "fields": {"name": "Macheta", "region": 15, "created_at": "2023-05-01T05:00:00Z", "updated_at": "2023-05-01T05:00:00Z", "is_active": true}}, {"model": "accounts.city", "pk": 525, "fields": {"name": "Manta", "region": 15, "created_at": "2023-05-01T05:00:00Z", "updated_at": "2023-05-01T05:00:00Z", "is_active": true}}, {"model": "accounts.city", "pk": 526, "fields": {"name": "Sesquilé", "region": 15, "created_at": "2023-05-01T05:00:00Z", "updated_at": "2023-05-01T05:00:00Z", "is_active": true}}, {"model": "accounts.city", "pk": 527, "fields": {"name": "Suesca", "region": 15, "created_at": "2023-05-01T05:00:00Z", "updated_at": "2023-05-01T05:00:00Z", "is_active": true}}, {"model": "accounts.city", "pk": 528, "fields": {"name": "Tibirita", "region": 15, "created_at": "2023-05-01T05:00:00Z", "updated_at": "2023-05-01T05:00:00Z", "is_active": true}}, {"model": "accounts.city", "pk": 529, "fields": {"name": "Villapinzón", "region": 15, "created_at": "2023-05-01T05:00:00Z", "updated_at": "2023-05-01T05:00:00Z", "is_active": true}}, {"model": "accounts.city", "pk": 530, "fields": {"name": "Agua De Dios", "region": 15, "created_at": "2023-05-01T05:00:00Z", "updated_at": "2023-05-01T05:00:00Z", "is_active": true}}, {"model": "accounts.city", "pk": 531, "fields": {"name": "Girardot", "region": 15, "created_at": "2023-05-01T05:00:00Z", "updated_at": "2023-05-01T05:00:00Z", "is_active": true}}, {"model": "accounts.city", "pk": 532, "fields": {"name": "Guataquí", "region": 15, "created_at": "2023-05-01T05:00:00Z", "updated_at": "2023-05-01T05:00:00Z", "is_active": true}}, {"model": "accounts.city", "pk": 533, "fields": {"name": "Jerusalén", "region": 15, "created_at": "2023-05-01T05:00:00Z", "updated_at": "2023-05-01T05:00:00Z", "is_active": true}}, {"model": "accounts.city", "pk": 534, "fields": {"name": "Nariño", "region": 15, "created_at": "2023-05-01T05:00:00Z", "updated_at": "2023-05-01T05:00:00Z", "is_active": true}}, {"model": "accounts.city", "pk": 535, "fields": {"name": "Nilo", "region": 15, "created_at": "2023-05-01T05:00:00Z", "updated_at": "2023-05-01T05:00:00Z", "is_active": true}}, {"model": "accounts.city", "pk": 536, "fields": {"name": "Ricaurte", "region": 15, "created_at": "2023-05-01T05:00:00Z", "updated_at": "2023-05-01T05:00:00Z", "is_active": true}}, {"model": "accounts.city", "pk": 537, "fields": {"name": "Tocaima", "region": 15, "created_at": "2023-05-01T05:00:00Z", "updated_at": "2023-05-01T05:00:00Z", "is_active": true}}, {"model": "accounts.city", "pk": 538, "fields": {"name": "Caparrapí", "region": 15, "created_at": "2023-05-01T05:00:00Z", "updated_at": "2023-05-01T05:00:00Z", "is_active": true}}, {"model": "accounts.city", "pk": 539, "fields": {"name": "Guaduas", "region": 15, "created_at": "2023-05-01T05:00:00Z", "updated_at": "2023-05-01T05:00:00Z", "is_active": true}}, {"model": "accounts.city", "pk": 540, "fields": {"name": "Puerto Salgar", "region": 15, "created_at": "2023-05-01T05:00:00Z", "updated_at": "2023-05-01T05:00:00Z", "is_active": true}}, {"model": "accounts.city", "pk": 541, "fields": {"name": "Albán", "region": 15, "created_at": "2023-05-01T05:00:00Z", "updated_at": "2023-05-01T05:00:00Z", "is_active": true}}, {"model": "accounts.city", "pk": 542, "fields": {"name": "La Peña", "region": 15, "created_at": "2023-05-01T05:00:00Z", "updated_at": "2023-05-01T05:00:00Z", "is_active": true}}, {"model": "accounts.city", "pk": 543, "fields": {"name": "La Vega", "region": 15, "created_at": "2023-05-01T05:00:00Z", "updated_at": "2023-05-01T05:00:00Z", "is_active": true}}, {"model": "accounts.city", "pk": 544, "fields": {"name": "Nimaima", "region": 15, "created_at": "2023-05-01T05:00:00Z", "updated_at": "2023-05-01T05:00:00Z", "is_active": true}}, {"model": "accounts.city", "pk": 545, "fields": {"name": "Nocaima", "region": 15, "created_at": "2023-05-01T05:00:00Z", "updated_at": "2023-05-01T05:00:00Z", "is_active": true}}, {"model": "accounts.city", "pk": 546, "fields": {"name": "Quebradanegra", "region": 15, "created_at": "2023-05-01T05:00:00Z", "updated_at": "2023-05-01T05:00:00Z", "is_active": true}}, {"model": "accounts.city", "pk": 547, "fields": {"name": "San Francisco", "region": 15, "created_at": "2023-05-01T05:00:00Z", "updated_at": "2023-05-01T05:00:00Z", "is_active": true}}, {"model": "accounts.city", "pk": 548, "fields": {"name": "Sasaima", "region": 15, "created_at": "2023-05-01T05:00:00Z", "updated_at": "2023-05-01T05:00:00Z", "is_active": true}}, {"model": "accounts.city", "pk": 549, "fields": {"name": "Supatá", "region": 15, "created_at": "2023-05-01T05:00:00Z", "updated_at": "2023-05-01T05:00:00Z", "is_active": true}}, {"model": "accounts.city", "pk": 550, "fields": {"name": "Útica", "region": 15, "created_at": "2023-05-01T05:00:00Z", "updated_at": "2023-05-01T05:00:00Z", "is_active": true}}, {"model": "accounts.city", "pk": 551, "fields": {"name": "Vergara", "region": 15, "created_at": "2023-05-01T05:00:00Z", "updated_at": "2023-05-01T05:00:00Z", "is_active": true}}, {"model": "accounts.city", "pk": 552, "fields": {"name": "Villeta", "region": 15, "created_at": "2023-05-01T05:00:00Z", "updated_at": "2023-05-01T05:00:00Z", "is_active": true}}, {"model": "accounts.city", "pk": 553, "fields": {"name": "Gachala", "region": 15, "created_at": "2023-05-01T05:00:00Z", "updated_at": "2023-05-01T05:00:00Z", "is_active": true}}, {"model": "accounts.city", "pk": 554, "fields": {"name": "Gacheta", "region": 15, "created_at": "2023-05-01T05:00:00Z", "updated_at": "2023-05-01T05:00:00Z", "is_active": true}}, {"model": "accounts.city", "pk": 555, "fields": {"name": "Gama", "region": 15, "created_at": "2023-05-01T05:00:00Z", "updated_at": "2023-05-01T05:00:00Z", "is_active": true}}, {"model": "accounts.city", "pk": 556, "fields": {"name": "Guasca", "region": 15, "created_at": "2023-05-01T05:00:00Z", "updated_at": "2023-05-01T05:00:00Z", "is_active": true}}, {"model": "accounts.city", "pk": 557, "fields": {"name": "Guatavita", "region": 15, "created_at": "2023-05-01T05:00:00Z", "updated_at": "2023-05-01T05:00:00Z", "is_active": true}}, {"model": "accounts.city", "pk": 558, "fields": {"name": "Junín", "region": 15, "created_at": "2023-05-01T05:00:00Z", "updated_at": "2023-05-01T05:00:00Z", "is_active": true}}, {"model": "accounts.city", "pk": 559, "fields": {"name": "La Calera", "region": 15, "created_at": "2023-05-01T05:00:00Z", "updated_at": "2023-05-01T05:00:00Z", "is_active": true}}, {"model": "accounts.city", "pk": 560, "fields": {"name": "Ubalá", "region": 15, "created_at": "2023-05-01T05:00:00Z", "updated_at": "2023-05-01T05:00:00Z", "is_active": true}}, {"model": "accounts.city", "pk": 561, "fields": {"name": "Beltrán", "region": 15, "created_at": "2023-05-01T05:00:00Z", "updated_at": "2023-05-01T05:00:00Z", "is_active": true}}, {"model": "accounts.city", "pk": 562, "fields": {"name": "Bituima", "region": 15, "created_at": "2023-05-01T05:00:00Z", "updated_at": "2023-05-01T05:00:00Z", "is_active": true}}, {"model": "accounts.city", "pk": 563, "fields": {"name": "Chaguaní", "region": 15, "created_at": "2023-05-01T05:00:00Z", "updated_at": "2023-05-01T05:00:00Z", "is_active": true}}, {"model": "accounts.city", "pk": 564, "fields": {"name": "Guayabal De Siquima", "region": 15, "created_at": "2023-05-01T05:00:00Z", "updated_at": "2023-05-01T05:00:00Z", "is_active": true}}, {"model": "accounts.city", "pk": 565, "fields": {"name": "Puli", "region": 15, "created_at": "2023-05-01T05:00:00Z", "updated_at": "2023-05-01T05:00:00Z", "is_active": true}}, {"model": "accounts.city", "pk": 566, "fields": {"name": "San Juan De Río Seco", "region": 15, "created_at": "2023-05-01T05:00:00Z", "updated_at": "2023-05-01T05:00:00Z", "is_active": true}}, {"model": "accounts.city", "pk": 567, "fields": {"name": "Vianí", "region": 15, "created_at": "2023-05-01T05:00:00Z", "updated_at": "2023-05-01T05:00:00Z", "is_active": true}}, {"model": "accounts.city", "pk": 568, "fields": {"name": "Medina", "region": 15, "created_at": "2023-05-01T05:00:00Z", "updated_at": "2023-05-01T05:00:00Z", "is_active": true}}, {"model": "accounts.city", "pk": 569, "fields": {"name": "Paratebueno", "region": 15, "created_at": "2023-05-01T05:00:00Z", "updated_at": "2023-05-01T05:00:00Z", "is_active": true}}, {"model": "accounts.city", "pk": 570, "fields": {"name": "Caqueza", "region": 15, "created_at": "2023-05-01T05:00:00Z", "updated_at": "2023-05-01T05:00:00Z", "is_active": true}}, {"model": "accounts.city", "pk": 571, "fields": {"name": "Chipaque", "region": 15, "created_at": "2023-05-01T05:00:00Z", "updated_at": "2023-05-01T05:00:00Z", "is_active": true}}, {"model": "accounts.city", "pk": 572, "fields": {"name": "Choachí", "region": 15, "created_at": "2023-05-01T05:00:00Z", "updated_at": "2023-05-01T05:00:00Z", "is_active": true}}, {"model": "accounts.city", "pk": 573, "fields": {"name": "Fomeque", "region": 15, "created_at": "2023-05-01T05:00:00Z", "updated_at": "2023-05-01T05:00:00Z", "is_active": true}}, {"model": "accounts.city", "pk": 574, "fields": {"name": "Fosca", "region": 15, "created_at": "2023-05-01T05:00:00Z", "updated_at": "2023-05-01T05:00:00Z", "is_active": true}}, {"model": "accounts.city", "pk": 575, "fields": {"name": "Guayabetal", "region": 15, "created_at": "2023-05-01T05:00:00Z", "updated_at": "2023-05-01T05:00:00Z", "is_active": true}}, {"model": "accounts.city", "pk": 576, "fields": {"name": "Gutiérrez", "region": 15, "created_at": "2023-05-01T05:00:00Z", "updated_at": "2023-05-01T05:00:00Z", "is_active": true}}, {"model": "accounts.city", "pk": 577, "fields": {"name": "Quetame", "region": 15, "created_at": "2023-05-01T05:00:00Z", "updated_at": "2023-05-01T05:00:00Z", "is_active": true}}, {"model": "accounts.city", "pk": 578, "fields": {"name": "Ubaque", "region": 15, "created_at": "2023-05-01T05:00:00Z", "updated_at": "2023-05-01T05:00:00Z", "is_active": true}}, {"model": "accounts.city", "pk": 579, "fields": {"name": "Une", "region": 15, "created_at": "2023-05-01T05:00:00Z", "updated_at": "2023-05-01T05:00:00Z", "is_active": true}}, {"model": "accounts.city", "pk": 580, "fields": {"name": "El Peñón", "region": 15, "created_at": "2023-05-01T05:00:00Z", "updated_at": "2023-05-01T05:00:00Z", "is_active": true}}, {"model": "accounts.city", "pk": 581, "fields": {"name": "La Palma", "region": 15, "created_at": "2023-05-01T05:00:00Z", "updated_at": "2023-05-01T05:00:00Z", "is_active": true}}, {"model": "accounts.city", "pk": 582, "fields": {"name": "Pacho", "region": 15, "created_at": "2023-05-01T05:00:00Z", "updated_at": "2023-05-01T05:00:00Z", "is_active": true}}, {"model": "accounts.city", "pk": 583, "fields": {"name": "Paime", "region": 15, "created_at": "2023-05-01T05:00:00Z", "updated_at": "2023-05-01T05:00:00Z", "is_active": true}}, {"model": "accounts.city", "pk": 584, "fields": {"name": "San Cayetano", "region": 15, "created_at": "2023-05-01T05:00:00Z", "updated_at": "2023-05-01T05:00:00Z", "is_active": true}}, {"model": "accounts.city", "pk": 585, "fields": {"name": "Topaipi", "region": 15, "created_at": "2023-05-01T05:00:00Z", "updated_at": "2023-05-01T05:00:00Z", "is_active": true}}, {"model": "accounts.city", "pk": 586, "fields": {"name": "Villagomez", "region": 15, "created_at": "2023-05-01T05:00:00Z", "updated_at": "2023-05-01T05:00:00Z", "is_active": true}}, {"model": "accounts.city", "pk": 587, "fields": {"name": "Yacopí", "region": 15, "created_at": "2023-05-01T05:00:00Z", "updated_at": "2023-05-01T05:00:00Z", "is_active": true}}, {"model": "accounts.city", "pk": 588, "fields": {"name": "Cajicá", "region": 15, "created_at": "2023-05-01T05:00:00Z", "updated_at": "2023-05-01T05:00:00Z", "is_active": true}}, {"model": "accounts.city", "pk": 589, "fields": {"name": "Chía", "region": 15, "created_at": "2023-05-01T05:00:00Z", "updated_at": "2023-05-01T05:00:00Z", "is_active": true}}, {"model": "accounts.city", "pk": 590, "fields": {"name": "Cogua", "region": 15, "created_at": "2023-05-01T05:00:00Z", "updated_at": "2023-05-01T05:00:00Z", "is_active": true}}, {"model": "accounts.city", "pk": 591, "fields": {"name": "Gachancipá", "region": 15, "created_at": "2023-05-01T05:00:00Z", "updated_at": "2023-05-01T05:00:00Z", "is_active": true}}, {"model": "accounts.city", "pk": 592, "fields": {"name": "Nemocon", "region": 15, "created_at": "2023-05-01T05:00:00Z", "updated_at": "2023-05-01T05:00:00Z", "is_active": true}}, {"model": "accounts.city", "pk": 593, "fields": {"name": "Sopó", "region": 15, "created_at": "2023-05-01T05:00:00Z", "updated_at": "2023-05-01T05:00:00Z", "is_active": true}}, {"model": "accounts.city", "pk": 594, "fields": {"name": "Tabio", "region": 15, "created_at": "2023-05-01T05:00:00Z", "updated_at": "2023-05-01T05:00:00Z", "is_active": true}}, {"model": "accounts.city", "pk": 595, "fields": {"name": "Tocancipá", "region": 15, "created_at": "2023-05-01T05:00:00Z", "updated_at": "2023-05-01T05:00:00Z", "is_active": true}}, {"model": "accounts.city", "pk": 596, "fields": {"name": "Zipaquirá", "region": 15, "created_at": "2023-05-01T05:00:00Z", "updated_at": "2023-05-01T05:00:00Z", "is_active": true}}, {"model": "accounts.city", "pk": 597, "fields": {"name": "Bojacá", "region": 15, "created_at": "2023-05-01T05:00:00Z", "updated_at": "2023-05-01T05:00:00Z", "is_active": true}}, {"model": "accounts.city", "pk": 598, "fields": {"name": "Cota", "region": 15, "created_at": "2023-05-01T05:00:00Z", "updated_at": "2023-05-01T05:00:00Z", "is_active": true}}, {"model": "accounts.city", "pk": 599, "fields": {"name": "El Rosal", "region": 15, "created_at": "2023-05-01T05:00:00Z", "updated_at": "2023-05-01T05:00:00Z", "is_active": true}}, {"model": "accounts.city", "pk": 600, "fields": {"name": "Facatativá", "region": 15, "created_at": "2023-05-01T05:00:00Z", "updated_at": "2023-05-01T05:00:00Z", "is_active": true}}, {"model": "accounts.city", "pk": 601, "fields": {"name": "Funza", "region": 15, "created_at": "2023-05-01T05:00:00Z", "updated_at": "2023-05-01T05:00:00Z", "is_active": true}}, {"model": "accounts.city", "pk": 602, "fields": {"name": "Madrid", "region": 15, "created_at": "2023-05-01T05:00:00Z", "updated_at": "2023-05-01T05:00:00Z", "is_active": true}}, {"model": "accounts.city", "pk": 603, "fields": {"name": "Mosquera", "region": 15, "created_at": "2023-05-01T05:00:00Z", "updated_at": "2023-05-01T05:00:00Z", "is_active": true}}, {"model": "accounts.city", "pk": 604, "fields": {"name": "Subachoque", "region": 15, "created_at": "2023-05-01T05:00:00Z", "updated_at": "2023-05-01T05:00:00Z", "is_active": true}}, {"model": "accounts.city", "pk": 605, "fields": {"name": "Tenjo", "region": 15, "created_at": "2023-05-01T05:00:00Z", "updated_at": "2023-05-01T05:00:00Z", "is_active": true}}, {"model": "accounts.city", "pk": 606, "fields": {"name": "Zipacon", "region": 15, "created_at": "2023-05-01T05:00:00Z", "updated_at": "2023-05-01T05:00:00Z", "is_active": true}}, {"model": "accounts.city", "pk": 607, "fields": {"name": "Sibaté", "region": 15, "created_at": "2023-05-01T05:00:00Z", "updated_at": "2023-05-01T05:00:00Z", "is_active": true}}, {"model": "accounts.city", "pk": 608, "fields": {"name": "Soacha", "region": 15, "created_at": "2023-05-01T05:00:00Z", "updated_at": "2023-05-01T05:00:00Z", "is_active": true}}, {"model": "accounts.city", "pk": 609, "fields": {"name": "Arbeláez", "region": 15, "created_at": "2023-05-01T05:00:00Z", "updated_at": "2023-05-01T05:00:00Z", "is_active": true}}, {"model": "accounts.city", "pk": 610, "fields": {"name": "Cabrera", "region": 15, "created_at": "2023-05-01T05:00:00Z", "updated_at": "2023-05-01T05:00:00Z", "is_active": true}}, {"model": "accounts.city", "pk": 611, "fields": {"name": "Fusagasugá", "region": 15, "created_at": "2023-05-01T05:00:00Z", "updated_at": "2023-05-01T05:00:00Z", "is_active": true}}, {"model": "accounts.city", "pk": 612, "fields": {"name": "Granada", "region": 15, "created_at": "2023-05-01T05:00:00Z", "updated_at": "2023-05-01T05:00:00Z", "is_active": true}}, {"model": "accounts.city", "pk": 613, "fields": {"name": "Pandi", "region": 15, "created_at": "2023-05-01T05:00:00Z", "updated_at": "2023-05-01T05:00:00Z", "is_active": true}}, {"model": "accounts.city", "pk": 614, "fields": {"name": "Pasca", "region": 15, "created_at": "2023-05-01T05:00:00Z", "updated_at": "2023-05-01T05:00:00Z", "is_active": true}}, {"model": "accounts.city", "pk": 615, "fields": {"name": "San Bernardo", "region": 15, "created_at": "2023-05-01T05:00:00Z", "updated_at": "2023-05-01T05:00:00Z", "is_active": true}}, {"model": "accounts.city", "pk": 616, "fields": {"name": "Silvania", "region": 15, "created_at": "2023-05-01T05:00:00Z", "updated_at": "2023-05-01T05:00:00Z", "is_active": true}}, {"model": "accounts.city", "pk": 617, "fields": {"name": "Tibacuy", "region": 15, "created_at": "2023-05-01T05:00:00Z", "updated_at": "2023-05-01T05:00:00Z", "is_active": true}}, {"model": "accounts.city", "pk": 618, "fields": {"name": "Venecia", "region": 15, "created_at": "2023-05-01T05:00:00Z", "updated_at": "2023-05-01T05:00:00Z", "is_active": true}}, {"model": "accounts.city", "pk": 619, "fields": {"name": "Anapoima", "region": 15, "created_at": "2023-05-01T05:00:00Z", "updated_at": "2023-05-01T05:00:00Z", "is_active": true}}, {"model": "accounts.city", "pk": 620, "fields": {"name": "Anolaima", "region": 15, "created_at": "2023-05-01T05:00:00Z", "updated_at": "2023-05-01T05:00:00Z", "is_active": true}}, {"model": "accounts.city", "pk": 621, "fields": {"name": "Apulo", "region": 15, "created_at": "2023-05-01T05:00:00Z", "updated_at": "2023-05-01T05:00:00Z", "is_active": true}}, {"model": "accounts.city", "pk": 622, "fields": {"name": "Cachipay", "region": 15, "created_at": "2023-05-01T05:00:00Z", "updated_at": "2023-05-01T05:00:00Z", "is_active": true}}, {"model": "accounts.city", "pk": 623, "fields": {"name": "El Colegio", "region": 15, "created_at": "2023-05-01T05:00:00Z", "updated_at": "2023-05-01T05:00:00Z", "is_active": true}}, {"model": "accounts.city", "pk": 624, "fields": {"name": "La Mesa", "region": 15, "created_at": "2023-05-01T05:00:00Z", "updated_at": "2023-05-01T05:00:00Z", "is_active": true}}, {"model": "accounts.city", "pk": 625, "fields": {"name": "Quipile", "region": 15, "created_at": "2023-05-01T05:00:00Z", "updated_at": "2023-05-01T05:00:00Z", "is_active": true}}, {"model": "accounts.city", "pk": 626, "fields": {"name": "San Antonio De Tequendama", "region": 15, "created_at": "2023-05-01T05:00:00Z", "updated_at": "2023-05-01T05:00:00Z", "is_active": true}}, {"model": "accounts.city", "pk": 627, "fields": {"name": "Tena", "region": 15, "created_at": "2023-05-01T05:00:00Z", "updated_at": "2023-05-01T05:00:00Z", "is_active": true}}, {"model": "accounts.city", "pk": 628, "fields": {"name": "Viotá", "region": 15, "created_at": "2023-05-01T05:00:00Z", "updated_at": "2023-05-01T05:00:00Z", "is_active": true}}, {"model": "accounts.city", "pk": 629, "fields": {"name": "Carmen De Carupa", "region": 15, "created_at": "2023-05-01T05:00:00Z", "updated_at": "2023-05-01T05:00:00Z", "is_active": true}}, {"model": "accounts.city", "pk": 630, "fields": {"name": "Cucunubá", "region": 15, "created_at": "2023-05-01T05:00:00Z", "updated_at": "2023-05-01T05:00:00Z", "is_active": true}}, {"model": "accounts.city", "pk": 631, "fields": {"name": "Fúquene", "region": 15, "created_at": "2023-05-01T05:00:00Z", "updated_at": "2023-05-01T05:00:00Z", "is_active": true}}, {"model": "accounts.city", "pk": 632, "fields": {"name": "Guachetá", "region": 15, "created_at": "2023-05-01T05:00:00Z", "updated_at": "2023-05-01T05:00:00Z", "is_active": true}}, {"model": "accounts.city", "pk": 633, "fields": {"name": "Lenguazaque", "region": 15, "created_at": "2023-05-01T05:00:00Z", "updated_at": "2023-05-01T05:00:00Z", "is_active": true}}, {"model": "accounts.city", "pk": 634, "fields": {"name": "Simijaca", "region": 15, "created_at": "2023-05-01T05:00:00Z", "updated_at": "2023-05-01T05:00:00Z", "is_active": true}}, {"model": "accounts.city", "pk": 635, "fields": {"name": "Susa", "region": 15, "created_at": "2023-05-01T05:00:00Z", "updated_at": "2023-05-01T05:00:00Z", "is_active": true}}, {"model": "accounts.city", "pk": 636, "fields": {"name": "Sutatausa", "region": 15, "created_at": "2023-05-01T05:00:00Z", "updated_at": "2023-05-01T05:00:00Z", "is_active": true}}, {"model": "accounts.city", "pk": 637, "fields": {"name": "Tausa", "region": 15, "created_at": "2023-05-01T05:00:00Z", "updated_at": "2023-05-01T05:00:00Z", "is_active": true}}, {"model": "accounts.city", "pk": 638, "fields": {"name": "Ubate", "region": 15, "created_at": "2023-05-01T05:00:00Z", "updated_at": "2023-05-01T05:00:00Z", "is_active": true}}, {"model": "accounts.city", "pk": 639, "fields": {"name": "Barranco Mina", "region": 16, "created_at": "2023-05-01T05:00:00Z", "updated_at": "2023-05-01T05:00:00Z", "is_active": true}}, {"model": "accounts.city", "pk": 640, "fields": {"name": "Cacahual", "region": 16, "created_at": "2023-05-01T05:00:00Z", "updated_at": "2023-05-01T05:00:00Z", "is_active": true}}, {"model": "accounts.city", "pk": 641, "fields": {"name": "Inírida", "region": 16, "created_at": "2023-05-01T05:00:00Z", "updated_at": "2023-05-01T05:00:00Z", "is_active": true}}, {"model": "accounts.city", "pk": 642, "fields": {"name": "La Guadalupe", "region": 16, "created_at": "2023-05-01T05:00:00Z", "updated_at": "2023-05-01T05:00:00Z", "is_active": true}}, {"model": "accounts.city", "pk": 643, "fields": {"name": "Mapiripan", "region": 16, "created_at": "2023-05-01T05:00:00Z", "updated_at": "2023-05-01T05:00:00Z", "is_active": true}}, {"model": "accounts.city", "pk": 644, "fields": {"name": "Morichal", "region": 16, "created_at": "2023-05-01T05:00:00Z", "updated_at": "2023-05-01T05:00:00Z", "is_active": true}}, {"model": "accounts.city", "pk": 645, "fields": {"name": "Pana Pana", "region": 16, "created_at": "2023-05-01T05:00:00Z", "updated_at": "2023-05-01T05:00:00Z", "is_active": true}}, {"model": "accounts.city", "pk": 646, "fields": {"name": "Puerto Colombia", "region": 16, "created_at": "2023-05-01T05:00:00Z", "updated_at": "2023-05-01T05:00:00Z", "is_active": true}}, {"model": "accounts.city", "pk": 647, "fields": {"name": "San Felipe", "region": 16, "created_at": "2023-05-01T05:00:00Z", "updated_at": "2023-05-01T05:00:00Z", "is_active": true}}, {"model": "accounts.city", "pk": 648, "fields": {"name": "Calamar", "region": 17, "created_at": "2023-05-01T05:00:00Z", "updated_at": "2023-05-01T05:00:00Z", "is_active": true}}, {"model": "accounts.city", "pk": 649, "fields": {"name": "El Retorno", "region": 17, "created_at": "2023-05-01T05:00:00Z", "updated_at": "2023-05-01T05:00:00Z", "is_active": true}}, {"model": "accounts.city", "pk": 650, "fields": {"name": "Miraflores", "region": 17, "created_at": "2023-05-01T05:00:00Z", "updated_at": "2023-05-01T05:00:00Z", "is_active": true}}, {"model": "accounts.city", "pk": 651, "fields": {"name": "San José Del Guaviare", "region": 17, "created_at": "2023-05-01T05:00:00Z", "updated_at": "2023-05-01T05:00:00Z", "is_active": true}}, {"model": "accounts.city", "pk": 652, "fields": {"name": "Agrado", "region": 18, "created_at": "2023-05-01T05:00:00Z", "updated_at": "2023-05-01T05:00:00Z", "is_active": true}}, {"model": "accounts.city", "pk": 653, "fields": {"name": "Altamira", "region": 18, "created_at": "2023-05-01T05:00:00Z", "updated_at": "2023-05-01T05:00:00Z", "is_active": true}}, {"model": "accounts.city", "pk": 654, "fields": {"name": "Garzón", "region": 18, "created_at": "2023-05-01T05:00:00Z", "updated_at": "2023-05-01T05:00:00Z", "is_active": true}}, {"model": "accounts.city", "pk": 655, "fields": {"name": "Gigante", "region": 18, "created_at": "2023-05-01T05:00:00Z", "updated_at": "2023-05-01T05:00:00Z", "is_active": true}}, {"model": "accounts.city", "pk": 656, "fields": {"name": "Guadalupe", "region": 18, "created_at": "2023-05-01T05:00:00Z", "updated_at": "2023-05-01T05:00:00Z", "is_active": true}}, {"model": "accounts.city", "pk": 657, "fields": {"name": "Pital", "region": 18, "created_at": "2023-05-01T05:00:00Z", "updated_at": "2023-05-01T05:00:00Z", "is_active": true}}, {"model": "accounts.city", "pk": 658, "fields": {"name": "Suaza", "region": 18, "created_at": "2023-05-01T05:00:00Z", "updated_at": "2023-05-01T05:00:00Z", "is_active": true}}, {"model": "accounts.city", "pk": 659, "fields": {"name": "Tarqui", "region": 18, "created_at": "2023-05-01T05:00:00Z", "updated_at": "2023-05-01T05:00:00Z", "is_active": true}}, {"model": "accounts.city", "pk": 660, "fields": {"name": "Aipe", "region": 18, "created_at": "2023-05-01T05:00:00Z", "updated_at": "2023-05-01T05:00:00Z", "is_active": true}}, {"model": "accounts.city", "pk": 661, "fields": {"name": "Algeciras", "region": 18, "created_at": "2023-05-01T05:00:00Z", "updated_at": "2023-05-01T05:00:00Z", "is_active": true}}, {"model": "accounts.city", "pk": 662, "fields": {"name": "Baraya", "region": 18, "created_at": "2023-05-01T05:00:00Z", "updated_at": "2023-05-01T05:00:00Z", "is_active": true}}, {"model": "accounts.city", "pk": 663, "fields": {"name": "Campoalegre", "region": 18, "created_at": "2023-05-01T05:00:00Z", "updated_at": "2023-05-01T05:00:00Z", "is_active": true}}, {"model": "accounts.city", "pk": 664, "fields": {"name": "Colombia", "region": 18, "created_at": "2023-05-01T05:00:00Z", "updated_at": "2023-05-01T05:00:00Z", "is_active": true}}, {"model": "accounts.city", "pk": 665, "fields": {"name": "Hobo", "region": 18, "created_at": "2023-05-01T05:00:00Z", "updated_at": "2023-05-01T05:00:00Z", "is_active": true}}, {"model": "accounts.city", "pk": 666, "fields": {"name": "Iquira", "region": 18, "created_at": "2023-05-01T05:00:00Z", "updated_at": "2023-05-01T05:00:00Z", "is_active": true}}, {"model": "accounts.city", "pk": 667, "fields": {"name": "Neiva", "region": 18, "created_at": "2023-05-01T05:00:00Z", "updated_at": "2023-05-01T05:00:00Z", "is_active": true}}, {"model": "accounts.city", "pk": 668, "fields": {"name": "Palermo", "region": 18, "created_at": "2023-05-01T05:00:00Z", "updated_at": "2023-05-01T05:00:00Z", "is_active": true}}, {"model": "accounts.city", "pk": 669, "fields": {"name": "Rivera", "region": 18, "created_at": "2023-05-01T05:00:00Z", "updated_at": "2023-05-01T05:00:00Z", "is_active": true}}, {"model": "accounts.city", "pk": 670, "fields": {"name": "Santa María", "region": 18, "created_at": "2023-05-01T05:00:00Z", "updated_at": "2023-05-01T05:00:00Z", "is_active": true}}, {"model": "accounts.city", "pk": 671, "fields": {"name": "Tello", "region": 18, "created_at": "2023-05-01T05:00:00Z", "updated_at": "2023-05-01T05:00:00Z", "is_active": true}}, {"model": "accounts.city", "pk": 672, "fields": {"name": "Teruel", "region": 18, "created_at": "2023-05-01T05:00:00Z", "updated_at": "2023-05-01T05:00:00Z", "is_active": true}}, {"model": "accounts.city", "pk": 673, "fields": {"name": "Villavieja", "region": 18, "created_at": "2023-05-01T05:00:00Z", "updated_at": "2023-05-01T05:00:00Z", "is_active": true}}, {"model": "accounts.city", "pk": 674, "fields": {"name": "Yaguará", "region": 18, "created_at": "2023-05-01T05:00:00Z", "updated_at": "2023-05-01T05:00:00Z", "is_active": true}}, {"model": "accounts.city", "pk": 675, "fields": {"name": "La Argentina", "region": 18, "created_at": "2023-05-01T05:00:00Z", "updated_at": "2023-05-01T05:00:00Z", "is_active": true}}, {"model": "accounts.city", "pk": 676, "fields": {"name": "La Plata", "region": 18, "created_at": "2023-05-01T05:00:00Z", "updated_at": "2023-05-01T05:00:00Z", "is_active": true}}, {"model": "accounts.city", "pk": 677, "fields": {"name": "Nátaga", "region": 18, "created_at": "2023-05-01T05:00:00Z", "updated_at": "2023-05-01T05:00:00Z", "is_active": true}}, {"model": "accounts.city", "pk": 678, "fields": {"name": "Paicol", "region": 18, "created_at": "2023-05-01T05:00:00Z", "updated_at": "2023-05-01T05:00:00Z", "is_active": true}}, {"model": "accounts.city", "pk": 679, "fields": {"name": "Tesalia", "region": 18, "created_at": "2023-05-01T05:00:00Z", "updated_at": "2023-05-01T05:00:00Z", "is_active": true}}, {"model": "accounts.city", "pk": 680, "fields": {"name": "Acevedo", "region": 18, "created_at": "2023-05-01T05:00:00Z", "updated_at": "2023-05-01T05:00:00Z", "is_active": true}}, {"model": "accounts.city", "pk": 681, "fields": {"name": "Elías", "region": 18, "created_at": "2023-05-01T05:00:00Z", "updated_at": "2023-05-01T05:00:00Z", "is_active": true}}, {"model": "accounts.city", "pk": 682, "fields": {"name": "Isnos", "region": 18, "created_at": "2023-05-01T05:00:00Z", "updated_at": "2023-05-01T05:00:00Z", "is_active": true}}, {"model": "accounts.city", "pk": 683, "fields": {"name": "Oporapa", "region": 18, "created_at": "2023-05-01T05:00:00Z", "updated_at": "2023-05-01T05:00:00Z", "is_active": true}}, {"model": "accounts.city", "pk": 684, "fields": {"name": "Palestina", "region": 18, "created_at": "2023-05-01T05:00:00Z", "updated_at": "2023-05-01T05:00:00Z", "is_active": true}}, {"model": "accounts.city", "pk": 685, "fields": {"name": "Pitalito", "region": 18, "created_at": "2023-05-01T05:00:00Z", "updated_at": "2023-05-01T05:00:00Z", "is_active": true}}, {"model": "accounts.city", "pk": 686, "fields": {"name": "Saladoblanco", "region": 18, "created_at": "2023-05-01T05:00:00Z", "updated_at": "2023-05-01T05:00:00Z", "is_active": true}}, {"model": "accounts.city", "pk": 687, "fields": {"name": "San Agustín", "region": 18, "created_at": "2023-05-01T05:00:00Z", "updated_at": "2023-05-01T05:00:00Z", "is_active": true}}, {"model": "accounts.city", "pk": 688, "fields": {"name": "Timaná", "region": 18, "created_at": "2023-05-01T05:00:00Z", "updated_at": "2023-05-01T05:00:00Z", "is_active": true}}, {"model": "accounts.city", "pk": 689, "fields": {"name": "Albania", "region": 19, "created_at": "2023-05-01T05:00:00Z", "updated_at": "2023-05-01T05:00:00Z", "is_active": true}}, {"model": "accounts.city", "pk": 690, "fields": {"name": "Dibulla", "region": 19, "created_at": "2023-05-01T05:00:00Z", "updated_at": "2023-05-01T05:00:00Z", "is_active": true}}, {"model": "accounts.city", "pk": 691, "fields": {"name": "Maicao", "region": 19, "created_at": "2023-05-01T05:00:00Z", "updated_at": "2023-05-01T05:00:00Z", "is_active": true}}, {"model": "accounts.city", "pk": 692, "fields": {"name": "Manaure", "region": 19, "created_at": "2023-05-01T05:00:00Z", "updated_at": "2023-05-01T05:00:00Z", "is_active": true}}, {"model": "accounts.city", "pk": 693, "fields": {"name": "Riohacha", "region": 19, "created_at": "2023-05-01T05:00:00Z", "updated_at": "2023-05-01T05:00:00Z", "is_active": true}}, {"model": "accounts.city", "pk": 694, "fields": {"name": "Uribia", "region": 19, "created_at": "2023-05-01T05:00:00Z", "updated_at": "2023-05-01T05:00:00Z", "is_active": true}}, {"model": "accounts.city", "pk": 695, "fields": {"name": "Barrancas", "region": 19, "created_at": "2023-05-01T05:00:00Z", "updated_at": "2023-05-01T05:00:00Z", "is_active": true}}, {"model": "accounts.city", "pk": 696, "fields": {"name": "Distraccion", "region": 19, "created_at": "2023-05-01T05:00:00Z", "updated_at": "2023-05-01T05:00:00Z", "is_active": true}}, {"model": "accounts.city", "pk": 697, "fields": {"name": "El Molino", "region": 19, "created_at": "2023-05-01T05:00:00Z", "updated_at": "2023-05-01T05:00:00Z", "is_active": true}}, {"model": "accounts.city", "pk": 698, "fields": {"name": "Fonseca", "region": 19, "created_at": "2023-05-01T05:00:00Z", "updated_at": "2023-05-01T05:00:00Z", "is_active": true}}, {"model": "accounts.city", "pk": 699, "fields": {"name": "Hatonuevo", "region": 19, "created_at": "2023-05-01T05:00:00Z", "updated_at": "2023-05-01T05:00:00Z", "is_active": true}}, {"model": "accounts.city", "pk": 700, "fields": {"name": "La Jagua Del Pilar", "region": 19, "created_at": "2023-05-01T05:00:00Z", "updated_at": "2023-05-01T05:00:00Z", "is_active": true}}, {"model": "accounts.city", "pk": 701, "fields": {"name": "San Juan Del Cesar", "region": 19, "created_at": "2023-05-01T05:00:00Z", "updated_at": "2023-05-01T05:00:00Z", "is_active": true}}, {"model": "accounts.city", "pk": 702, "fields": {"name": "Urumita", "region": 19, "created_at": "2023-05-01T05:00:00Z", "updated_at": "2023-05-01T05:00:00Z", "is_active": true}}, {"model": "accounts.city", "pk": 703, "fields": {"name": "Villanueva", "region": 19, "created_at": "2023-05-01T05:00:00Z", "updated_at": "2023-05-01T05:00:00Z", "is_active": true}}, {"model": "accounts.city", "pk": 704, "fields": {"name": "Ariguaní", "region": 20, "created_at": "2023-05-01T05:00:00Z", "updated_at": "2023-05-01T05:00:00Z", "is_active": true}}, {"model": "accounts.city", "pk": 705, "fields": {"name": "Chibolo", "region": 20, "created_at": "2023-05-01T05:00:00Z", "updated_at": "2023-05-01T05:00:00Z", "is_active": true}}, {"model": "accounts.city", "pk": 706, "fields": {"name": "Nueva Granada", "region": 20, "created_at": "2023-05-01T05:00:00Z", "updated_at": "2023-05-01T05:00:00Z", "is_active": true}}, {"model": "accounts.city", "pk": 707, "fields": {"name": "Plato", "region": 20, "created_at": "2023-05-01T05:00:00Z", "updated_at": "2023-05-01T05:00:00Z", "is_active": true}}, {"model": "accounts.city", "pk": 708, "fields": {"name": "Sabanas De San Angel", "region": 20, "created_at": "2023-05-01T05:00:00Z", "updated_at": "2023-05-01T05:00:00Z", "is_active": true}}, {"model": "accounts.city", "pk": 709, "fields": {"name": "Tenerife", "region": 20, "created_at": "2023-05-01T05:00:00Z", "updated_at": "2023-05-01T05:00:00Z", "is_active": true}}, {"model": "accounts.city", "pk": 710, "fields": {"name": "Algarrobo", "region": 20, "created_at": "2023-05-01T05:00:00Z", "updated_at": "2023-05-01T05:00:00Z", "is_active": true}}, {"model": "accounts.city", "pk": 711, "fields": {"name": "Aracataca", "region": 20, "created_at": "2023-05-01T05:00:00Z", "updated_at": "2023-05-01T05:00:00Z", "is_active": true}}, {"model": "accounts.city", "pk": 712, "fields": {"name": "Ciénaga", "region": 20, "created_at": "2023-05-01T05:00:00Z", "updated_at": "2023-05-01T05:00:00Z", "is_active": true}}, {"model": "accounts.city", "pk": 713, "fields": {"name": "El Reten", "region": 20, "created_at": "2023-05-01T05:00:00Z", "updated_at": "2023-05-01T05:00:00Z", "is_active": true}}, {"model": "accounts.city", "pk": 714, "fields": {"name": "Fundacion", "region": 20, "created_at": "2023-05-01T05:00:00Z", "updated_at": "2023-05-01T05:00:00Z", "is_active": true}}, {"model": "accounts.city", "pk": 715, "fields": {"name": "Pueblo Viejo", "region": 20, "created_at": "2023-05-01T05:00:00Z", "updated_at": "2023-05-01T05:00:00Z", "is_active": true}}, {"model": "accounts.city", "pk": 716, "fields": {"name": "Zona Bananera", "region": 20, "created_at": "2023-05-01T05:00:00Z", "updated_at": "2023-05-01T05:00:00Z", "is_active": true}}, {"model": "accounts.city", "pk": 717, "fields": {"name": "Cerro San Antonio", "region": 20, "created_at": "2023-05-01T05:00:00Z", "updated_at": "2023-05-01T05:00:00Z", "is_active": true}}, {"model": "accounts.city", "pk": 718, "fields": {"name": "Concordia", "region": 20, "created_at": "2023-05-01T05:00:00Z", "updated_at": "2023-05-01T05:00:00Z", "is_active": true}}, {"model": "accounts.city", "pk": 719, "fields": {"name": "El Piñon", "region": 20, "created_at": "2023-05-01T05:00:00Z", "updated_at": "2023-05-01T05:00:00Z", "is_active": true}}, {"model": "accounts.city", "pk": 720, "fields": {"name": "Pedraza", "region": 20, "created_at": "2023-05-01T05:00:00Z", "updated_at": "2023-05-01T05:00:00Z", "is_active": true}}, {"model": "accounts.city", "pk": 721, "fields": {"name": "Pivijay", "region": 20, "created_at": "2023-05-01T05:00:00Z", "updated_at": "2023-05-01T05:00:00Z", "is_active": true}}, {"model": "accounts.city", "pk": 722, "fields": {"name": "Remolino", "region": 20, "created_at": "2023-05-01T05:00:00Z", "updated_at": "2023-05-01T05:00:00Z", "is_active": true}}, {"model": "accounts.city", "pk": 723, "fields": {"name": "Salamina", "region": 20, "created_at": "2023-05-01T05:00:00Z", "updated_at": "2023-05-01T05:00:00Z", "is_active": true}}, {"model": "accounts.city", "pk": 724, "fields": {"name": "Sitionuevo", "region": 20, "created_at": "2023-05-01T05:00:00Z", "updated_at": "2023-05-01T05:00:00Z", "is_active": true}}, {"model": "accounts.city", "pk": 725, "fields": {"name": "Zapayan", "region": 20, "created_at": "2023-05-01T05:00:00Z", "updated_at": "2023-05-01T05:00:00Z", "is_active": true}}, {"model": "accounts.city", "pk": 726, "fields": {"name": "Santa Marta", "region": 20, "created_at": "2023-05-01T05:00:00Z", "updated_at": "2023-05-01T05:00:00Z", "is_active": true}}, {"model": "accounts.city", "pk": 727, "fields": {"name": "El Banco", "region": 20, "created_at": "2023-05-01T05:00:00Z", "updated_at": "2023-05-01T05:00:00Z", "is_active": true}}, {"model": "accounts.city", "pk": 728, "fields": {"name": "Guamal", "region": 20, "created_at": "2023-05-01T05:00:00Z", "updated_at": "2023-05-01T05:00:00Z", "is_active": true}}, {"model": "accounts.city", "pk": 729, "fields": {"name": "Pijiño Del Carmen", "region": 20, "created_at": "2023-05-01T05:00:00Z", "updated_at": "2023-05-01T05:00:00Z", "is_active": true}}, {"model": "accounts.city", "pk": 730, "fields": {"name": "San Sebastian De Buenavista", "region": 20, "created_at": "2023-05-01T05:00:00Z", "updated_at": "2023-05-01T05:00:00Z", "is_active": true}}, {"model": "accounts.city", "pk": 731, "fields": {"name": "San Zenon", "region": 20, "created_at": "2023-05-01T05:00:00Z", "updated_at": "2023-05-01T05:00:00Z", "is_active": true}}, {"model": "accounts.city", "pk": 732, "fields": {"name": "Santa Ana", "region": 20, "created_at": "2023-05-01T05:00:00Z", "updated_at": "2023-05-01T05:00:00Z", "is_active": true}}, {"model": "accounts.city", "pk": 733, "fields": {"name": "Santa Barbara De Pinto", "region": 20, "created_at": "2023-05-01T05:00:00Z", "updated_at": "2023-05-01T05:00:00Z", "is_active": true}}, {"model": "accounts.city", "pk": 734, "fields": {"name": "El Castillo", "region": 21, "created_at": "2023-05-01T05:00:00Z", "updated_at": "2023-05-01T05:00:00Z", "is_active": true}}, {"model": "accounts.city", "pk": 735, "fields": {"name": "El Dorado", "region": 21, "created_at": "2023-05-01T05:00:00Z", "updated_at": "2023-05-01T05:00:00Z", "is_active": true}}, {"model": "accounts.city", "pk": 736, "fields": {"name": "Fuente De Oro", "region": 21, "created_at": "2023-05-01T05:00:00Z", "updated_at": "2023-05-01T05:00:00Z", "is_active": true}}, {"model": "accounts.city", "pk": 737, "fields": {"name": "Granada", "region": 21, "created_at": "2023-05-01T05:00:00Z", "updated_at": "2023-05-01T05:00:00Z", "is_active": true}}, {"model": "accounts.city", "pk": 738, "fields": {"name": "La Macarena", "region": 21, "created_at": "2023-05-01T05:00:00Z", "updated_at": "2023-05-01T05:00:00Z", "is_active": true}}, {"model": "accounts.city", "pk": 739, "fields": {"name": "La Uribe", "region": 21, "created_at": "2023-05-01T05:00:00Z", "updated_at": "2023-05-01T05:00:00Z", "is_active": true}}, {"model": "accounts.city", "pk": 740, "fields": {"name": "Lejanías", "region": 21, "created_at": "2023-05-01T05:00:00Z", "updated_at": "2023-05-01T05:00:00Z", "is_active": true}}, {"model": "accounts.city", "pk": 741, "fields": {"name": "Mapiripan", "region": 21, "created_at": "2023-05-01T05:00:00Z", "updated_at": "2023-05-01T05:00:00Z", "is_active": true}}, {"model": "accounts.city", "pk": 742, "fields": {"name": "Mesetas", "region": 21, "created_at": "2023-05-01T05:00:00Z", "updated_at": "2023-05-01T05:00:00Z", "is_active": true}}, {"model": "accounts.city", "pk": 743, "fields": {"name": "Puerto Concordia", "region": 21, "created_at": "2023-05-01T05:00:00Z", "updated_at": "2023-05-01T05:00:00Z", "is_active": true}}, {"model": "accounts.city", "pk": 744, "fields": {"name": "Puerto Lleras", "region": 21, "created_at": "2023-05-01T05:00:00Z", "updated_at": "2023-05-01T05:00:00Z", "is_active": true}}, {"model": "accounts.city", "pk": 745, "fields": {"name": "Puerto Rico", "region": 21, "created_at": "2023-05-01T05:00:00Z", "updated_at": "2023-05-01T05:00:00Z", "is_active": true}}, {"model": "accounts.city", "pk": 746, "fields": {"name": "San Juan De Arama", "region": 21, "created_at": "2023-05-01T05:00:00Z", "updated_at": "2023-05-01T05:00:00Z", "is_active": true}}, {"model": "accounts.city", "pk": 747, "fields": {"name": "Vista Hermosa", "region": 21, "created_at": "2023-05-01T05:00:00Z", "updated_at": "2023-05-01T05:00:00Z", "is_active": true}}, {"model": "accounts.city", "pk": 748, "fields": {"name": "Villavicencio", "region": 21, "created_at": "2023-05-01T05:00:00Z", "updated_at": "2023-05-01T05:00:00Z", "is_active": true}}, {"model": "accounts.city", "pk": 749, "fields": {"name": "Acacias", "region": 21, "created_at": "2023-05-01T05:00:00Z", "updated_at": "2023-05-01T05:00:00Z", "is_active": true}}, {"model": "accounts.city", "pk": 750, "fields": {"name": "Barranca De Upia", "region": 21, "created_at": "2023-05-01T05:00:00Z", "updated_at": "2023-05-01T05:00:00Z", "is_active": true}}, {"model": "accounts.city", "pk": 751, "fields": {"name": "Castilla La Nueva", "region": 21, "created_at": "2023-05-01T05:00:00Z", "updated_at": "2023-05-01T05:00:00Z", "is_active": true}}, {"model": "accounts.city", "pk": 752, "fields": {"name": "Cumaral", "region": 21, "created_at": "2023-05-01T05:00:00Z", "updated_at": "2023-05-01T05:00:00Z", "is_active": true}}, {"model": "accounts.city", "pk": 753, "fields": {"name": "El Calvario", "region": 21, "created_at": "2023-05-01T05:00:00Z", "updated_at": "2023-05-01T05:00:00Z", "is_active": true}}, {"model": "accounts.city", "pk": 754, "fields": {"name": "Guamal", "region": 21, "created_at": "2023-05-01T05:00:00Z", "updated_at": "2023-05-01T05:00:00Z", "is_active": true}}, {"model": "accounts.city", "pk": 755, "fields": {"name": "Restrepo", "region": 21, "created_at": "2023-05-01T05:00:00Z", "updated_at": "2023-05-01T05:00:00Z", "is_active": true}}, {"model": "accounts.city", "pk": 756, "fields": {"name": "San Carlos Guaroa", "region": 21, "created_at": "2023-05-01T05:00:00Z", "updated_at": "2023-05-01T05:00:00Z", "is_active": true}}, {"model": "accounts.city", "pk": 757, "fields": {"name": "San Juanito", "region": 21, "created_at": "2023-05-01T05:00:00Z", "updated_at": "2023-05-01T05:00:00Z", "is_active": true}}, {"model": "accounts.city", "pk": 758, "fields": {"name": "San Luis De Cubarral", "region": 21, "created_at": "2023-05-01T05:00:00Z", "updated_at": "2023-05-01T05:00:00Z", "is_active": true}}, {"model": "accounts.city", "pk": 759, "fields": {"name": "San Martín", "region": 21, "created_at": "2023-05-01T05:00:00Z", "updated_at": "2023-05-01T05:00:00Z", "is_active": true}}, {"model": "accounts.city", "pk": 760, "fields": {"name": "Cabuyaro", "region": 21, "created_at": "2023-05-01T05:00:00Z", "updated_at": "2023-05-01T05:00:00Z", "is_active": true}}, {"model": "accounts.city", "pk": 761, "fields": {"name": "Puerto Gaitán", "region": 21, "created_at": "2023-05-01T05:00:00Z", "updated_at": "2023-05-01T05:00:00Z", "is_active": true}}, {"model": "accounts.city", "pk": 762, "fields": {"name": "Puerto Lopez", "region": 21, "created_at": "2023-05-01T05:00:00Z", "updated_at": "2023-05-01T05:00:00Z", "is_active": true}}, {"model": "accounts.city", "pk": 763, "fields": {"name": "Chachagui", "region": 22, "created_at": "2023-05-01T05:00:00Z", "updated_at": "2023-05-01T05:00:00Z", "is_active": true}}, {"model": "accounts.city", "pk": 764, "fields": {"name": "Consaca", "region": 22, "created_at": "2023-05-01T05:00:00Z", "updated_at": "2023-05-01T05:00:00Z", "is_active": true}}, {"model": "accounts.city", "pk": 765, "fields": {"name": "El Peñol", "region": 22, "created_at": "2023-05-01T05:00:00Z", "updated_at": "2023-05-01T05:00:00Z", "is_active": true}}, {"model": "accounts.city", "pk": 766, "fields": {"name": "El Tambo", "region": 22, "created_at": "2023-05-01T05:00:00Z", "updated_at": "2023-05-01T05:00:00Z", "is_active": true}}, {"model": "accounts.city", "pk": 767, "fields": {"name": "La Florida", "region": 22, "created_at": "2023-05-01T05:00:00Z", "updated_at": "2023-05-01T05:00:00Z", "is_active": true}}, {"model": "accounts.city", "pk": 768, "fields": {"name": "Nariño", "region": 22, "created_at": "2023-05-01T05:00:00Z", "updated_at": "2023-05-01T05:00:00Z", "is_active": true}}, {"model": "accounts.city", "pk": 769, "fields": {"name": "Pasto", "region": 22, "created_at": "2023-05-01T05:00:00Z", "updated_at": "2023-05-01T05:00:00Z", "is_active": true}}, {"model": "accounts.city", "pk": 770, "fields": {"name": "Sandoná", "region": 22, "created_at": "2023-05-01T05:00:00Z", "updated_at": "2023-05-01T05:00:00Z", "is_active": true}}, {"model": "accounts.city", "pk": 771, "fields": {"name": "Tangua", "region": 22, "created_at": "2023-05-01T05:00:00Z", "updated_at": "2023-05-01T05:00:00Z", "is_active": true}}, {"model": "accounts.city", "pk": 772, "fields": {"name": "Yacuanquer", "region": 22, "created_at": "2023-05-01T05:00:00Z", "updated_at": "2023-05-01T05:00:00Z", "is_active": true}}, {"model": "accounts.city", "pk": 773, "fields": {"name": "Ancuya", "region": 22, "created_at": "2023-05-01T05:00:00Z", "updated_at": "2023-05-01T05:00:00Z", "is_active": true}}, {"model": "accounts.city", "pk": 774, "fields": {"name": "Guaitarilla", "region": 22, "created_at": "2023-05-01T05:00:00Z", "updated_at": "2023-05-01T05:00:00Z", "is_active": true}}, {"model": "accounts.city", "pk": 775, "fields": {"name": "La Llanada", "region": 22, "created_at": "2023-05-01T05:00:00Z", "updated_at": "2023-05-01T05:00:00Z", "is_active": true}}, {"model": "accounts.city", "pk": 776, "fields": {"name": "Linares", "region": 22, "created_at": "2023-05-01T05:00:00Z", "updated_at": "2023-05-01T05:00:00Z", "is_active": true}}, {"model": "accounts.city", "pk": 777, "fields": {"name": "Los Andes", "region": 22, "created_at": "2023-05-01T05:00:00Z", "updated_at": "2023-05-01T05:00:00Z", "is_active": true}}, {"model": "accounts.city", "pk": 778, "fields": {"name": "Mallama", "region": 22, "created_at": "2023-05-01T05:00:00Z", "updated_at": "2023-05-01T05:00:00Z", "is_active": true}}, {"model": "accounts.city", "pk": 779, "fields": {"name": "Ospina", "region": 22, "created_at": "2023-05-01T05:00:00Z", "updated_at": "2023-05-01T05:00:00Z", "is_active": true}}, {"model": "accounts.city", "pk": 780, "fields": {"name": "Providencia", "region": 22, "created_at": "2023-05-01T05:00:00Z", "updated_at": "2023-05-01T05:00:00Z", "is_active": true}}, {"model": "accounts.city", "pk": 781, "fields": {"name": "Ricaurte", "region": 22, "created_at": "2023-05-01T05:00:00Z", "updated_at": "2023-05-01T05:00:00Z", "is_active": true}}, {"model": "accounts.city", "pk": 782, "fields": {"name": "Samaniego", "region": 22, "created_at": "2023-05-01T05:00:00Z", "updated_at": "2023-05-01T05:00:00Z", "is_active": true}}, {"model": "accounts.city", "pk": 783, "fields": {"name": "Santa Cruz", "region": 22, "created_at": "2023-05-01T05:00:00Z", "updated_at": "2023-05-01T05:00:00Z", "is_active": true}}, {"model": "accounts.city", "pk": 784, "fields": {"name": "Sapuyes", "region": 22, "created_at": "2023-05-01T05:00:00Z", "updated_at": "2023-05-01T05:00:00Z", "is_active": true}}, {"model": "accounts.city", "pk": 785, "fields": {"name": "Tuquerres", "region": 22, "created_at": "2023-05-01T05:00:00Z", "updated_at": "2023-05-01T05:00:00Z", "is_active": true}}, {"model": "accounts.city", "pk": 786, "fields": {"name": "Barbacoas", "region": 22, "created_at": "2023-05-01T05:00:00Z", "updated_at": "2023-05-01T05:00:00Z", "is_active": true}}, {"model": "accounts.city", "pk": 787, "fields": {"name": "El Charco", "region": 22, "created_at": "2023-05-01T05:00:00Z", "updated_at": "2023-05-01T05:00:00Z", "is_active": true}}, {"model": "accounts.city", "pk": 788, "fields": {"name": "Francisco Pizarro", "region": 22, "created_at": "2023-05-01T05:00:00Z", "updated_at": "2023-05-01T05:00:00Z", "is_active": true}}, {"model": "accounts.city", "pk": 789, "fields": {"name": "La Tola", "region": 22, "created_at": "2023-05-01T05:00:00Z", "updated_at": "2023-05-01T05:00:00Z", "is_active": true}}, {"model": "accounts.city", "pk": 790, "fields": {"name": "Magui", "region": 22, "created_at": "2023-05-01T05:00:00Z", "updated_at": "2023-05-01T05:00:00Z", "is_active": true}}, {"model": "accounts.city", "pk": 791, "fields": {"name": "Mosquera", "region": 22, "created_at": "2023-05-01T05:00:00Z", "updated_at": "2023-05-01T05:00:00Z", "is_active": true}}, {"model": "accounts.city", "pk": 792, "fields": {"name": "Olaya Herrera", "region": 22, "created_at": "2023-05-01T05:00:00Z", "updated_at": "2023-05-01T05:00:00Z", "is_active": true}}, {"model": "accounts.city", "pk": 793, "fields": {"name": "Roberto Payan", "region": 22, "created_at": "2023-05-01T05:00:00Z", "updated_at": "2023-05-01T05:00:00Z", "is_active": true}}, {"model": "accounts.city", "pk": 794, "fields": {"name": "Santa Barbara", "region": 22, "created_at": "2023-05-01T05:00:00Z", "updated_at": "2023-05-01T05:00:00Z", "is_active": true}}, {"model": "accounts.city", "pk": 795, "fields": {"name": "Tumaco", "region": 22, "created_at": "2023-05-01T05:00:00Z", "updated_at": "2023-05-01T05:00:00Z", "is_active": true}}, {"model": "accounts.city", "pk": 796, "fields": {"name": "Alban", "region": 22, "created_at": "2023-05-01T05:00:00Z", "updated_at": "2023-05-01T05:00:00Z", "is_active": true}}, {"model": "accounts.city", "pk": 797, "fields": {"name": "Arboleda", "region": 22, "created_at": "2023-05-01T05:00:00Z", "updated_at": "2023-05-01T05:00:00Z", "is_active": true}}, {"model": "accounts.city", "pk": 798, "fields": {"name": "Belen", "region": 22, "created_at": "2023-05-01T05:00:00Z", "updated_at": "2023-05-01T05:00:00Z", "is_active": true}}, {"model": "accounts.city", "pk": 799, "fields": {"name": "Buesaco", "region": 22, "created_at": "2023-05-01T05:00:00Z", "updated_at": "2023-05-01T05:00:00Z", "is_active": true}}, {"model": "accounts.city", "pk": 800, "fields": {"name": "Colon", "region": 22, "created_at": "2023-05-01T05:00:00Z", "updated_at": "2023-05-01T05:00:00Z", "is_active": true}}, {"model": "accounts.city", "pk": 801, "fields": {"name": "Cumbitara", "region": 22, "created_at": "2023-05-01T05:00:00Z", "updated_at": "2023-05-01T05:00:00Z", "is_active": true}}, {"model": "accounts.city", "pk": 802, "fields": {"name": "El Rosario", "region": 22, "created_at": "2023-05-01T05:00:00Z", "updated_at": "2023-05-01T05:00:00Z", "is_active": true}}, {"model": "accounts.city", "pk": 803, "fields": {"name": "El Tablon De Gomez", "region": 22, "created_at": "2023-05-01T05:00:00Z", "updated_at": "2023-05-01T05:00:00Z", "is_active": true}}, {"model": "accounts.city", "pk": 804, "fields": {"name": "La Cruz", "region": 22, "created_at": "2023-05-01T05:00:00Z", "updated_at": "2023-05-01T05:00:00Z", "is_active": true}}, {"model": "accounts.city", "pk": 805, "fields": {"name": "La Union", "region": 22, "created_at": "2023-05-01T05:00:00Z", "updated_at": "2023-05-01T05:00:00Z", "is_active": true}}, {"model": "accounts.city", "pk": 806, "fields": {"name": "Leiva", "region": 22, "created_at": "2023-05-01T05:00:00Z", "updated_at": "2023-05-01T05:00:00Z", "is_active": true}}, {"model": "accounts.city", "pk": 807, "fields": {"name": "Policarpa", "region": 22, "created_at": "2023-05-01T05:00:00Z", "updated_at": "2023-05-01T05:00:00Z", "is_active": true}}, {"model": "accounts.city", "pk": 808, "fields": {"name": "San Bernardo", "region": 22, "created_at": "2023-05-01T05:00:00Z", "updated_at": "2023-05-01T05:00:00Z", "is_active": true}}, {"model": "accounts.city", "pk": 809, "fields": {"name": "San Lorenzo", "region": 22, "created_at": "2023-05-01T05:00:00Z", "updated_at": "2023-05-01T05:00:00Z", "is_active": true}}, {"model": "accounts.city", "pk": 810, "fields": {"name": "San Pablo", "region": 22, "created_at": "2023-05-01T05:00:00Z", "updated_at": "2023-05-01T05:00:00Z", "is_active": true}}, {"model": "accounts.city", "pk": 811, "fields": {"name": "San Pedro De Cartago", "region": 22, "created_at": "2023-05-01T05:00:00Z", "updated_at": "2023-05-01T05:00:00Z", "is_active": true}}, {"model": "accounts.city", "pk": 812, "fields": {"name": "Taminango", "region": 22, "created_at": "2023-05-01T05:00:00Z", "updated_at": "2023-05-01T05:00:00Z", "is_active": true}}, {"model": "accounts.city", "pk": 813, "fields": {"name": "Aldana", "region": 22, "created_at": "2023-05-01T05:00:00Z", "updated_at": "2023-05-01T05:00:00Z", "is_active": true}}, {"model": "accounts.city", "pk": 814, "fields": {"name": "Contadero", "region": 22, "created_at": "2023-05-01T05:00:00Z", "updated_at": "2023-05-01T05:00:00Z", "is_active": true}}, {"model": "accounts.city", "pk": 815, "fields": {"name": "Córdoba", "region": 22, "created_at": "2023-05-01T05:00:00Z", "updated_at": "2023-05-01T05:00:00Z", "is_active": true}}, {"model": "accounts.city", "pk": 816, "fields": {"name": "Cuaspud", "region": 22, "created_at": "2023-05-01T05:00:00Z", "updated_at": "2023-05-01T05:00:00Z", "is_active": true}}, {"model": "accounts.city", "pk": 817, "fields": {"name": "Cumbal", "region": 22, "created_at": "2023-05-01T05:00:00Z", "updated_at": "2023-05-01T05:00:00Z", "is_active": true}}, {"model": "accounts.city", "pk": 818, "fields": {"name": "Funes", "region": 22, "created_at": "2023-05-01T05:00:00Z", "updated_at": "2023-05-01T05:00:00Z", "is_active": true}}, {"model": "accounts.city", "pk": 819, "fields": {"name": "Guachucal", "region": 22, "created_at": "2023-05-01T05:00:00Z", "updated_at": "2023-05-01T05:00:00Z", "is_active": true}}, {"model": "accounts.city", "pk": 820, "fields": {"name": "Gualmatan", "region": 22, "created_at": "2023-05-01T05:00:00Z", "updated_at": "2023-05-01T05:00:00Z", "is_active": true}}, {"model": "accounts.city", "pk": 821, "fields": {"name": "Iles", "region": 22, "created_at": "2023-05-01T05:00:00Z", "updated_at": "2023-05-01T05:00:00Z", "is_active": true}}, {"model": "accounts.city", "pk": 822, "fields": {"name": "Imues", "region": 22, "created_at": "2023-05-01T05:00:00Z", "updated_at": "2023-05-01T05:00:00Z", "is_active": true}}, {"model": "accounts.city", "pk": 823, "fields": {"name": "Ipiales", "region": 22, "created_at": "2023-05-01T05:00:00Z", "updated_at": "2023-05-01T05:00:00Z", "is_active": true}}, {"model": "accounts.city", "pk": 824, "fields": {"name": "Potosí", "region": 22, "created_at": "2023-05-01T05:00:00Z", "updated_at": "2023-05-01T05:00:00Z", "is_active": true}}, {"model": "accounts.city", "pk": 825, "fields": {"name": "Puerres", "region": 22, "created_at": "2023-05-01T05:00:00Z", "updated_at": "2023-05-01T05:00:00Z", "is_active": true}}, {"model": "accounts.city", "pk": 826, "fields": {"name": "Pupiales", "region": 22, "created_at": "2023-05-01T05:00:00Z", "updated_at": "2023-05-01T05:00:00Z", "is_active": true}}, {"model": "accounts.city", "pk": 827, "fields": {"name": "Arboledas", "region": 23, "created_at": "2023-05-01T05:00:00Z", "updated_at": "2023-05-01T05:00:00Z", "is_active": true}}, {"model": "accounts.city", "pk": 828, "fields": {"name": "Cucutilla", "region": 23, "created_at": "2023-05-01T05:00:00Z", "updated_at": "2023-05-01T05:00:00Z", "is_active": true}}, {"model": "accounts.city", "pk": 829, "fields": {"name": "Gramalote", "region": 23, "created_at": "2023-05-01T05:00:00Z", "updated_at": "2023-05-01T05:00:00Z", "is_active": true}}, {"model": "accounts.city", "pk": 830, "fields": {"name": "Lourdes", "region": 23, "created_at": "2023-05-01T05:00:00Z", "updated_at": "2023-05-01T05:00:00Z", "is_active": true}}, {"model": "accounts.city", "pk": 831, "fields": {"name": "Salazar", "region": 23, "created_at": "2023-05-01T05:00:00Z", "updated_at": "2023-05-01T05:00:00Z", "is_active": true}}, {"model": "accounts.city", "pk": 832, "fields": {"name": "Santiago", "region": 23, "created_at": "2023-05-01T05:00:00Z", "updated_at": "2023-05-01T05:00:00Z", "is_active": true}}, {"model": "accounts.city", "pk": 833, "fields": {"name": "Villa Caro", "region": 23, "created_at": "2023-05-01T05:00:00Z", "updated_at": "2023-05-01T05:00:00Z", "is_active": true}}, {"model": "accounts.city", "pk": 834, "fields": {"name": "Bucarasica", "region": 23, "created_at": "2023-05-01T05:00:00Z", "updated_at": "2023-05-01T05:00:00Z", "is_active": true}}, {"model": "accounts.city", "pk": 835, "fields": {"name": "El Tarra", "region": 23, "created_at": "2023-05-01T05:00:00Z", "updated_at": "2023-05-01T05:00:00Z", "is_active": true}}, {"model": "accounts.city", "pk": 836, "fields": {"name": "Sardinata", "region": 23, "created_at": "2023-05-01T05:00:00Z", "updated_at": "2023-05-01T05:00:00Z", "is_active": true}}, {"model": "accounts.city", "pk": 837, "fields": {"name": "Tibú", "region": 23, "created_at": "2023-05-01T05:00:00Z", "updated_at": "2023-05-01T05:00:00Z", "is_active": true}}, {"model": "accounts.city", "pk": 838, "fields": {"name": "Abrego", "region": 23, "created_at": "2023-05-01T05:00:00Z", "updated_at": "2023-05-01T05:00:00Z", "is_active": true}}, {"model": "accounts.city", "pk": 839, "fields": {"name": "Cachirá", "region": 23, "created_at": "2023-05-01T05:00:00Z", "updated_at": "2023-05-01T05:00:00Z", "is_active": true}}, {"model": "accounts.city", "pk": 840, "fields": {"name": "Convención", "region": 23, "created_at": "2023-05-01T05:00:00Z", "updated_at": "2023-05-01T05:00:00Z", "is_active": true}}, {"model": "accounts.city", "pk": 841, "fields": {"name": "El Carmen", "region": 23, "created_at": "2023-05-01T05:00:00Z", "updated_at": "2023-05-01T05:00:00Z", "is_active": true}}, {"model": "accounts.city", "pk": 842, "fields": {"name": "Hacarí", "region": 23, "created_at": "2023-05-01T05:00:00Z", "updated_at": "2023-05-01T05:00:00Z", "is_active": true}}, {"model": "accounts.city", "pk": 843, "fields": {"name": "La Esperanza", "region": 23, "created_at": "2023-05-01T05:00:00Z", "updated_at": "2023-05-01T05:00:00Z", "is_active": true}}, {"model": "accounts.city", "pk": 844, "fields": {"name": "La Playa", "region": 23, "created_at": "2023-05-01T05:00:00Z", "updated_at": "2023-05-01T05:00:00Z", "is_active": true}}, {"model": "accounts.city", "pk": 845, "fields": {"name": "Ocaña", "region": 23, "created_at": "2023-05-01T05:00:00Z", "updated_at": "2023-05-01T05:00:00Z", "is_active": true}}, {"model": "accounts.city", "pk": 846, "fields": {"name": "San Calixto", "region": 23, "created_at": "2023-05-01T05:00:00Z", "updated_at": "2023-05-01T05:00:00Z", "is_active": true}}, {"model": "accounts.city", "pk": 847, "fields": {"name": "Teorama", "region": 23, "created_at": "2023-05-01T05:00:00Z", "updated_at": "2023-05-01T05:00:00Z", "is_active": true}}, {"model": "accounts.city", "pk": 848, "fields": {"name": "Cúcuta", "region": 23, "created_at": "2023-05-01T05:00:00Z", "updated_at": "2023-05-01T05:00:00Z", "is_active": true}}, {"model": "accounts.city", "pk": 849, "fields": {"name": "El Zulia", "region": 23, "created_at": "2023-05-01T05:00:00Z", "updated_at": "2023-05-01T05:00:00Z", "is_active": true}}, {"model": "accounts.city", "pk": 850, "fields": {"name": "Los Patios", "region": 23, "created_at": "2023-05-01T05:00:00Z", "updated_at": "2023-05-01T05:00:00Z", "is_active": true}}, {"model": "accounts.city", "pk": 851, "fields": {"name": "Puerto Santander", "region": 23, "created_at": "2023-05-01T05:00:00Z", "updated_at": "2023-05-01T05:00:00Z", "is_active": true}}, {"model": "accounts.city", "pk": 852, "fields": {"name": "San Cayetano", "region": 23, "created_at": "2023-05-01T05:00:00Z", "updated_at": "2023-05-01T05:00:00Z", "is_active": true}}, {"model": "accounts.city", "pk": 853, "fields": {"name": "Villa Del Rosario", "region": 23, "created_at": "2023-05-01T05:00:00Z", "updated_at": "2023-05-01T05:00:00Z", "is_active": true}}, {"model": "accounts.city", "pk": 854, "fields": {"name": "Cácota", "region": 23, "created_at": "2023-05-01T05:00:00Z", "updated_at": "2023-05-01T05:00:00Z", "is_active": true}}, {"model": "accounts.city", "pk": 855, "fields": {"name": "Chitagá", "region": 23, "created_at": "2023-05-01T05:00:00Z", "updated_at": "2023-05-01T05:00:00Z", "is_active": true}}, {"model": "accounts.city", "pk": 856, "fields": {"name": "Mutiscua", "region": 23, "created_at": "2023-05-01T05:00:00Z", "updated_at": "2023-05-01T05:00:00Z", "is_active": true}}, {"model": "accounts.city", "pk": 857, "fields": {"name": "Pamplona", "region": 23, "created_at": "2023-05-01T05:00:00Z", "updated_at": "2023-05-01T05:00:00Z", "is_active": true}}, {"model": "accounts.city", "pk": 858, "fields": {"name": "Pamplonita", "region": 23, "created_at": "2023-05-01T05:00:00Z", "updated_at": "2023-05-01T05:00:00Z", "is_active": true}}, {"model": "accounts.city", "pk": 859, "fields": {"name": "Silos", "region": 23, "created_at": "2023-05-01T05:00:00Z", "updated_at": "2023-05-01T05:00:00Z", "is_active": true}}, {"model": "accounts.city", "pk": 860, "fields": {"name": "Bochalema", "region": 23, "created_at": "2023-05-01T05:00:00Z", "updated_at": "2023-05-01T05:00:00Z", "is_active": true}}, {"model": "accounts.city", "pk": 861, "fields": {"name": "Chinácota", "region": 23, "created_at": "2023-05-01T05:00:00Z", "updated_at": "2023-05-01T05:00:00Z", "is_active": true}}, {"model": "accounts.city", "pk": 862, "fields": {"name": "Durania", "region": 23, "created_at": "2023-05-01T05:00:00Z", "updated_at": "2023-05-01T05:00:00Z", "is_active": true}}, {"model": "accounts.city", "pk": 863, "fields": {"name": "Herrán", "region": 23, "created_at": "2023-05-01T05:00:00Z", "updated_at": "2023-05-01T05:00:00Z", "is_active": true}}, {"model": "accounts.city", "pk": 864, "fields": {"name": "Labateca", "region": 23, "created_at": "2023-05-01T05:00:00Z", "updated_at": "2023-05-01T05:00:00Z", "is_active": true}}, {"model": "accounts.city", "pk": 865, "fields": {"name": "Ragonvalia", "region": 23, "created_at": "2023-05-01T05:00:00Z", "updated_at": "2023-05-01T05:00:00Z", "is_active": true}}, {"model": "accounts.city", "pk": 866, "fields": {"name": "Toledo", "region": 23, "created_at": "2023-05-01T05:00:00Z", "updated_at": "2023-05-01T05:00:00Z", "is_active": true}}, {"model": "accounts.city", "pk": 867, "fields": {"name": "Colón", "region": 24, "created_at": "2023-05-01T05:00:00Z", "updated_at": "2023-05-01T05:00:00Z", "is_active": true}}, {"model": "accounts.city", "pk": 868, "fields": {"name": "Mocoa", "region": 24, "created_at": "2023-05-01T05:00:00Z", "updated_at": "2023-05-01T05:00:00Z", "is_active": true}}, {"model": "accounts.city", "pk": 869, "fields": {"name": "Orito", "region": 24, "created_at": "2023-05-01T05:00:00Z", "updated_at": "2023-05-01T05:00:00Z", "is_active": true}}, {"model": "accounts.city", "pk": 870, "fields": {"name": "Puerto Asis", "region": 24, "created_at": "2023-05-01T05:00:00Z", "updated_at": "2023-05-01T05:00:00Z", "is_active": true}}, {"model": "accounts.city", "pk": 871, "fields": {"name": "Puerto Caicedo", "region": 24, "created_at": "2023-05-01T05:00:00Z", "updated_at": "2023-05-01T05:00:00Z", "is_active": true}}, {"model": "accounts.city", "pk": 872, "fields": {"name": "Puerto Guzman", "region": 24, "created_at": "2023-05-01T05:00:00Z", "updated_at": "2023-05-01T05:00:00Z", "is_active": true}}, {"model": "accounts.city", "pk": 873, "fields": {"name": "Puerto Leguizamo", "region": 24, "created_at": "2023-05-01T05:00:00Z", "updated_at": "2023-05-01T05:00:00Z", "is_active": true}}, {"model": "accounts.city", "pk": 874, "fields": {"name": "San Francisco", "region": 24, "created_at": "2023-05-01T05:00:00Z", "updated_at": "2023-05-01T05:00:00Z", "is_active": true}}, {"model": "accounts.city", "pk": 875, "fields": {"name": "San Miguel", "region": 24, "created_at": "2023-05-01T05:00:00Z", "updated_at": "2023-05-01T05:00:00Z", "is_active": true}}, {"model": "accounts.city", "pk": 876, "fields": {"name": "Santiago", "region": 24, "created_at": "2023-05-01T05:00:00Z", "updated_at": "2023-05-01T05:00:00Z", "is_active": true}}, {"model": "accounts.city", "pk": 877, "fields": {"name": "Sibundoy", "region": 24, "created_at": "2023-05-01T05:00:00Z", "updated_at": "2023-05-01T05:00:00Z", "is_active": true}}, {"model": "accounts.city", "pk": 878, "fields": {"name": "Valle Del Guamuez", "region": 24, "created_at": "2023-05-01T05:00:00Z", "updated_at": "2023-05-01T05:00:00Z", "is_active": true}}, {"model": "accounts.city", "pk": 879, "fields": {"name": "Villa Garzon", "region": 24, "created_at": "2023-05-01T05:00:00Z", "updated_at": "2023-05-01T05:00:00Z", "is_active": true}}, {"model": "accounts.city", "pk": 880, "fields": {"name": "Armenia", "region": 25, "created_at": "2023-05-01T05:00:00Z", "updated_at": "2023-05-01T05:00:00Z", "is_active": true}}, {"model": "accounts.city", "pk": 881, "fields": {"name": "Buenavista", "region": 25, "created_at": "2023-05-01T05:00:00Z", "updated_at": "2023-05-01T05:00:00Z", "is_active": true}}, {"model": "accounts.city", "pk": 882, "fields": {"name": "Calarca", "region": 25, "created_at": "2023-05-01T05:00:00Z", "updated_at": "2023-05-01T05:00:00Z", "is_active": true}}, {"model": "accounts.city", "pk": 883, "fields": {"name": "Cordoba", "region": 25, "created_at": "2023-05-01T05:00:00Z", "updated_at": "2023-05-01T05:00:00Z", "is_active": true}}, {"model": "accounts.city", "pk": 884, "fields": {"name": "Genova", "region": 25, "created_at": "2023-05-01T05:00:00Z", "updated_at": "2023-05-01T05:00:00Z", "is_active": true}}, {"model": "accounts.city", "pk": 885, "fields": {"name": "Pijao", "region": 25, "created_at": "2023-05-01T05:00:00Z", "updated_at": "2023-05-01T05:00:00Z", "is_active": true}}, {"model": "accounts.city", "pk": 886, "fields": {"name": "Filandia", "region": 25, "created_at": "2023-05-01T05:00:00Z", "updated_at": "2023-05-01T05:00:00Z", "is_active": true}}, {"model": "accounts.city", "pk": 887, "fields": {"name": "Salento", "region": 25, "created_at": "2023-05-01T05:00:00Z", "updated_at": "2023-05-01T05:00:00Z", "is_active": true}}, {"model": "accounts.city", "pk": 888, "fields": {"name": "Circasia", "region": 25, "created_at": "2023-05-01T05:00:00Z", "updated_at": "2023-05-01T05:00:00Z", "is_active": true}}, {"model": "accounts.city", "pk": 889, "fields": {"name": "La Tebaida", "region": 25, "created_at": "2023-05-01T05:00:00Z", "updated_at": "2023-05-01T05:00:00Z", "is_active": true}}, {"model": "accounts.city", "pk": 890, "fields": {"name": "Montengro", "region": 25, "created_at": "2023-05-01T05:00:00Z", "updated_at": "2023-05-01T05:00:00Z", "is_active": true}}, {"model": "accounts.city", "pk": 891, "fields": {"name": "Quimbaya", "region": 25, "created_at": "2023-05-01T05:00:00Z", "updated_at": "2023-05-01T05:00:00Z", "is_active": true}}, {"model": "accounts.city", "pk": 892, "fields": {"name": "Dosquebradas", "region": 26, "created_at": "2023-05-01T05:00:00Z", "updated_at": "2023-05-01T05:00:00Z", "is_active": true}}, {"model": "accounts.city", "pk": 893, "fields": {"name": "La Virginia", "region": 26, "created_at": "2023-05-01T05:00:00Z", "updated_at": "2023-05-01T05:00:00Z", "is_active": true}}, {"model": "accounts.city", "pk": 894, "fields": {"name": "Marsella", "region": 26, "created_at": "2023-05-01T05:00:00Z", "updated_at": "2023-05-01T05:00:00Z", "is_active": true}}, {"model": "accounts.city", "pk": 895, "fields": {"name": "Pereira", "region": 26, "created_at": "2023-05-01T05:00:00Z", "updated_at": "2023-05-01T05:00:00Z", "is_active": true}}, {"model": "accounts.city", "pk": 896, "fields": {"name": "Santa Rosa De Cabal", "region": 26, "created_at": "2023-05-01T05:00:00Z", "updated_at": "2023-05-01T05:00:00Z", "is_active": true}}, {"model": "accounts.city", "pk": 897, "fields": {"name": "Apía", "region": 26, "created_at": "2023-05-01T05:00:00Z", "updated_at": "2023-05-01T05:00:00Z", "is_active": true}}, {"model": "accounts.city", "pk": 898, "fields": {"name": "Balboa", "region": 26, "created_at": "2023-05-01T05:00:00Z", "updated_at": "2023-05-01T05:00:00Z", "is_active": true}}, {"model": "accounts.city", "pk": 899, "fields": {"name": "Belén De Umbría", "region": 26, "created_at": "2023-05-01T05:00:00Z", "updated_at": "2023-05-01T05:00:00Z", "is_active": true}}, {"model": "accounts.city", "pk": 900, "fields": {"name": "Guática", "region": 26, "created_at": "2023-05-01T05:00:00Z", "updated_at": "2023-05-01T05:00:00Z", "is_active": true}}, {"model": "accounts.city", "pk": 901, "fields": {"name": "La Celia", "region": 26, "created_at": "2023-05-01T05:00:00Z", "updated_at": "2023-05-01T05:00:00Z", "is_active": true}}, {"model": "accounts.city", "pk": 902, "fields": {"name": "Quinchia", "region": 26, "created_at": "2023-05-01T05:00:00Z", "updated_at": "2023-05-01T05:00:00Z", "is_active": true}}, {"model": "accounts.city", "pk": 903, "fields": {"name": "Santuario", "region": 26, "created_at": "2023-05-01T05:00:00Z", "updated_at": "2023-05-01T05:00:00Z", "is_active": true}}, {"model": "accounts.city", "pk": 904, "fields": {"name": "Mistrató", "region": 26, "created_at": "2023-05-01T05:00:00Z", "updated_at": "2023-05-01T05:00:00Z", "is_active": true}}, {"model": "accounts.city", "pk": 905, "fields": {"name": "Pueblo Rico", "region": 26, "created_at": "2023-05-01T05:00:00Z", "updated_at": "2023-05-01T05:00:00Z", "is_active": true}}, {"model": "accounts.city", "pk": 906, "fields": {"name": "Providencia Y Santa Catalina", "region": 27, "created_at": "2023-05-01T05:00:00Z", "updated_at": "2023-05-01T05:00:00Z", "is_active": true}}, {"model": "accounts.city", "pk": 907, "fields": {"name": "San Andres", "region": 27, "created_at": "2023-05-01T05:00:00Z", "updated_at": "2023-05-01T05:00:00Z", "is_active": true}}, {"model": "accounts.city", "pk": 908, "fields": {"name": "Chima", "region": 28, "created_at": "2023-05-01T05:00:00Z", "updated_at": "2023-05-01T05:00:00Z", "is_active": true}}, {"model": "accounts.city", "pk": 909, "fields": {"name": "Confines", "region": 28, "created_at": "2023-05-01T05:00:00Z", "updated_at": "2023-05-01T05:00:00Z", "is_active": true}}, {"model": "accounts.city", "pk": 910, "fields": {"name": "Contratación", "region": 28, "created_at": "2023-05-01T05:00:00Z", "updated_at": "2023-05-01T05:00:00Z", "is_active": true}}, {"model": "accounts.city", "pk": 911, "fields": {"name": "El Guacamayo", "region": 28, "created_at": "2023-05-01T05:00:00Z", "updated_at": "2023-05-01T05:00:00Z", "is_active": true}}, {"model": "accounts.city", "pk": 912, "fields": {"name": "Galán", "region": 28, "created_at": "2023-05-01T05:00:00Z", "updated_at": "2023-05-01T05:00:00Z", "is_active": true}}, {"model": "accounts.city", "pk": 913, "fields": {"name": "Gambita", "region": 28, "created_at": "2023-05-01T05:00:00Z", "updated_at": "2023-05-01T05:00:00Z", "is_active": true}}, {"model": "accounts.city", "pk": 914, "fields": {"name": "Guadalupe", "region": 28, "created_at": "2023-05-01T05:00:00Z", "updated_at": "2023-05-01T05:00:00Z", "is_active": true}}, {"model": "accounts.city", "pk": 915, "fields": {"name": "Guapotá", "region": 28, "created_at": "2023-05-01T05:00:00Z", "updated_at": "2023-05-01T05:00:00Z", "is_active": true}}, {"model": "accounts.city", "pk": 916, "fields": {"name": "Hato", "region": 28, "created_at": "2023-05-01T05:00:00Z", "updated_at": "2023-05-01T05:00:00Z", "is_active": true}}, {"model": "accounts.city", "pk": 917, "fields": {"name": "Oiba", "region": 28, "created_at": "2023-05-01T05:00:00Z", "updated_at": "2023-05-01T05:00:00Z", "is_active": true}}, {"model": "accounts.city", "pk": 918, "fields": {"name": "Palmar", "region": 28, "created_at": "2023-05-01T05:00:00Z", "updated_at": "2023-05-01T05:00:00Z", "is_active": true}}, {"model": "accounts.city", "pk": 919, "fields": {"name": "Palmas Del Socorro", "region": 28, "created_at": "2023-05-01T05:00:00Z", "updated_at": "2023-05-01T05:00:00Z", "is_active": true}}, {"model": "accounts.city", "pk": 920, "fields": {"name": "Santa Helena Del Opón", "region": 28, "created_at": "2023-05-01T05:00:00Z", "updated_at": "2023-05-01T05:00:00Z", "is_active": true}}, {"model": "accounts.city", "pk": 921, "fields": {"name": "Simacota", "region": 28, "created_at": "2023-05-01T05:00:00Z", "updated_at": "2023-05-01T05:00:00Z", "is_active": true}}, {"model": "accounts.city", "pk": 922, "fields": {"name": "Socorro", "region": 28, "created_at": "2023-05-01T05:00:00Z", "updated_at": "2023-05-01T05:00:00Z", "is_active": true}}, {"model": "accounts.city", "pk": 923, "fields": {"name": "Suaita", "region": 28, "created_at": "2023-05-01T05:00:00Z", "updated_at": "2023-05-01T05:00:00Z", "is_active": true}}, {"model": "accounts.city", "pk": 924, "fields": {"name": "Capitanejo", "region": 28, "created_at": "2023-05-01T05:00:00Z", "updated_at": "2023-05-01T05:00:00Z", "is_active": true}}, {"model": "accounts.city", "pk": 925, "fields": {"name": "Carcasí", "region": 28, "created_at": "2023-05-01T05:00:00Z", "updated_at": "2023-05-01T05:00:00Z", "is_active": true}}, {"model": "accounts.city", "pk": 926, "fields": {"name": "Cepitá", "region": 28, "created_at": "2023-05-01T05:00:00Z", "updated_at": "2023-05-01T05:00:00Z", "is_active": true}}, {"model": "accounts.city", "pk": 927, "fields": {"name": "Cerrito", "region": 28, "created_at": "2023-05-01T05:00:00Z", "updated_at": "2023-05-01T05:00:00Z", "is_active": true}}, {"model": "accounts.city", "pk": 928, "fields": {"name": "Concepción", "region": 28, "created_at": "2023-05-01T05:00:00Z", "updated_at": "2023-05-01T05:00:00Z", "is_active": true}}, {"model": "accounts.city", "pk": 929, "fields": {"name": "Enciso", "region": 28, "created_at": "2023-05-01T05:00:00Z", "updated_at": "2023-05-01T05:00:00Z", "is_active": true}}, {"model": "accounts.city", "pk": 930, "fields": {"name": "Guaca", "region": 28, "created_at": "2023-05-01T05:00:00Z", "updated_at": "2023-05-01T05:00:00Z", "is_active": true}}, {"model": "accounts.city", "pk": 931, "fields": {"name": "Macaravita", "region": 28, "created_at": "2023-05-01T05:00:00Z", "updated_at": "2023-05-01T05:00:00Z", "is_active": true}}, {"model": "accounts.city", "pk": 932, "fields": {"name": "Málaga", "region": 28, "created_at": "2023-05-01T05:00:00Z", "updated_at": "2023-05-01T05:00:00Z", "is_active": true}}, {"model": "accounts.city", "pk": 933, "fields": {"name": "Molagavita", "region": 28, "created_at": "2023-05-01T05:00:00Z", "updated_at": "2023-05-01T05:00:00Z", "is_active": true}}, {"model": "accounts.city", "pk": 934, "fields": {"name": "San Andrés", "region": 28, "created_at": "2023-05-01T05:00:00Z", "updated_at": "2023-05-01T05:00:00Z", "is_active": true}}, {"model": "accounts.city", "pk": 935, "fields": {"name": "San José De Miranda", "region": 28, "created_at": "2023-05-01T05:00:00Z", "updated_at": "2023-05-01T05:00:00Z", "is_active": true}}, {"model": "accounts.city", "pk": 936, "fields": {"name": "San Miguel", "region": 28, "created_at": "2023-05-01T05:00:00Z", "updated_at": "2023-05-01T05:00:00Z", "is_active": true}}, {"model": "accounts.city", "pk": 937, "fields": {"name": "Aratoca", "region": 28, "created_at": "2023-05-01T05:00:00Z", "updated_at": "2023-05-01T05:00:00Z", "is_active": true}}, {"model": "accounts.city", "pk": 938, "fields": {"name": "Barichara", "region": 28, "created_at": "2023-05-01T05:00:00Z", "updated_at": "2023-05-01T05:00:00Z", "is_active": true}}, {"model": "accounts.city", "pk": 939, "fields": {"name": "Cabrera", "region": 28, "created_at": "2023-05-01T05:00:00Z", "updated_at": "2023-05-01T05:00:00Z", "is_active": true}}, {"model": "accounts.city", "pk": 940, "fields": {"name": "Charalá", "region": 28, "created_at": "2023-05-01T05:00:00Z", "updated_at": "2023-05-01T05:00:00Z", "is_active": true}}, {"model": "accounts.city", "pk": 941, "fields": {"name": "Coromoro", "region": 28, "created_at": "2023-05-01T05:00:00Z", "updated_at": "2023-05-01T05:00:00Z", "is_active": true}}, {"model": "accounts.city", "pk": 942, "fields": {"name": "Curití", "region": 28, "created_at": "2023-05-01T05:00:00Z", "updated_at": "2023-05-01T05:00:00Z", "is_active": true}}, {"model": "accounts.city", "pk": 943, "fields": {"name": "Encino", "region": 28, "created_at": "2023-05-01T05:00:00Z", "updated_at": "2023-05-01T05:00:00Z", "is_active": true}}, {"model": "accounts.city", "pk": 944, "fields": {"name": "Jordán", "region": 28, "created_at": "2023-05-01T05:00:00Z", "updated_at": "2023-05-01T05:00:00Z", "is_active": true}}, {"model": "accounts.city", "pk": 945, "fields": {"name": "Mogotes", "region": 28, "created_at": "2023-05-01T05:00:00Z", "updated_at": "2023-05-01T05:00:00Z", "is_active": true}}, {"model": "accounts.city", "pk": 946, "fields": {"name": "Ocamonte", "region": 28, "created_at": "2023-05-01T05:00:00Z", "updated_at": "2023-05-01T05:00:00Z", "is_active": true}}, {"model": "accounts.city", "pk": 947, "fields": {"name": "Onzaga", "region": 28, "created_at": "2023-05-01T05:00:00Z", "updated_at": "2023-05-01T05:00:00Z", "is_active": true}}, {"model": "accounts.city", "pk": 948, "fields": {"name": "Páramo", "region": 28, "created_at": "2023-05-01T05:00:00Z", "updated_at": "2023-05-01T05:00:00Z", "is_active": true}}, {"model": "accounts.city", "pk": 949, "fields": {"name": "Pinchote", "region": 28, "created_at": "2023-05-01T05:00:00Z", "updated_at": "2023-05-01T05:00:00Z", "is_active": true}}, {"model": "accounts.city", "pk": 950, "fields": {"name": "San Gil", "region": 28, "created_at": "2023-05-01T05:00:00Z", "updated_at": "2023-05-01T05:00:00Z", "is_active": true}}, {"model": "accounts.city", "pk": 951, "fields": {"name": "San Joaquín", "region": 28, "created_at": "2023-05-01T05:00:00Z", "updated_at": "2023-05-01T05:00:00Z", "is_active": true}}, {"model": "accounts.city", "pk": 952, "fields": {"name": "Valle De San José", "region": 28, "created_at": "2023-05-01T05:00:00Z", "updated_at": "2023-05-01T05:00:00Z", "is_active": true}}, {"model": "accounts.city", "pk": 953, "fields": {"name": "Villanueva", "region": 28, "created_at": "2023-05-01T05:00:00Z", "updated_at": "2023-05-01T05:00:00Z", "is_active": true}}, {"model": "accounts.city", "pk": 954, "fields": {"name": "Barrancabermeja", "region": 28, "created_at": "2023-05-01T05:00:00Z", "updated_at": "2023-05-01T05:00:00Z", "is_active": true}}, {"model": "accounts.city", "pk": 955, "fields": {"name": "Betulia", "region": 28, "created_at": "2023-05-01T05:00:00Z", "updated_at": "2023-05-01T05:00:00Z", "is_active": true}}, {"model": "accounts.city", "pk": 956, "fields": {"name": "El Carmen De Chucurí", "region": 28, "created_at": "2023-05-01T05:00:00Z", "updated_at": "2023-05-01T05:00:00Z", "is_active": true}}, {"model": "accounts.city", "pk": 957, "fields": {"name": "Puerto Wilches", "region": 28, "created_at": "2023-05-01T05:00:00Z", "updated_at": "2023-05-01T05:00:00Z", "is_active": true}}, {"model": "accounts.city", "pk": 958, "fields": {"name": "Sabana De Torres", "region": 28, "created_at": "2023-05-01T05:00:00Z", "updated_at": "2023-05-01T05:00:00Z", "is_active": true}}, {"model": "accounts.city", "pk": 959, "fields": {"name": "San Vicente De Chucurí", "region": 28, "created_at": "2023-05-01T05:00:00Z", "updated_at": "2023-05-01T05:00:00Z", "is_active": true}}, {"model": "accounts.city", "pk": 960, "fields": {"name": "Zapatoca", "region": 28, "created_at": "2023-05-01T05:00:00Z", "updated_at": "2023-05-01T05:00:00Z", "is_active": true}}, {"model": "accounts.city", "pk": 961, "fields": {"name": "Bucaramanga", "region": 28, "created_at": "2023-05-01T05:00:00Z", "updated_at": "2023-05-01T05:00:00Z", "is_active": true}}, {"model": "accounts.city", "pk": 962, "fields": {"name": "California", "region": 28, "created_at": "2023-05-01T05:00:00Z", "updated_at": "2023-05-01T05:00:00Z", "is_active": true}}, {"model": "accounts.city", "pk": 963, "fields": {"name": "Charta", "region": 28, "created_at": "2023-05-01T05:00:00Z", "updated_at": "2023-05-01T05:00:00Z", "is_active": true}}, {"model": "accounts.city", "pk": 964, "fields": {"name": "El Playón", "region": 28, "created_at": "2023-05-01T05:00:00Z", "updated_at": "2023-05-01T05:00:00Z", "is_active": true}}, {"model": "accounts.city", "pk": 965, "fields": {"name": "Floridablanca", "region": 28, "created_at": "2023-05-01T05:00:00Z", "updated_at": "2023-05-01T05:00:00Z", "is_active": true}}, {"model": "accounts.city", "pk": 966, "fields": {"name": "Girón", "region": 28, "created_at": "2023-05-01T05:00:00Z", "updated_at": "2023-05-01T05:00:00Z", "is_active": true}}, {"model": "accounts.city", "pk": 967, "fields": {"name": "Lebríja", "region": 28, "created_at": "2023-05-01T05:00:00Z", "updated_at": "2023-05-01T05:00:00Z", "is_active": true}}, {"model": "accounts.city", "pk": 968, "fields": {"name": "Los Santos", "region": 28, "created_at": "2023-05-01T05:00:00Z", "updated_at": "2023-05-01T05:00:00Z", "is_active": true}}, {"model": "accounts.city", "pk": 969, "fields": {"name": "Matanza", "region": 28, "created_at": "2023-05-01T05:00:00Z", "updated_at": "2023-05-01T05:00:00Z", "is_active": true}}, {"model": "accounts.city", "pk": 970, "fields": {"name": "Piedecuesta", "region": 28, "created_at": "2023-05-01T05:00:00Z", "updated_at": "2023-05-01T05:00:00Z", "is_active": true}}, {"model": "accounts.city", "pk": 971, "fields": {"name": "Rionegro", "region": 28, "created_at": "2023-05-01T05:00:00Z", "updated_at": "2023-05-01T05:00:00Z", "is_active": true}}, {"model": "accounts.city", "pk": 972, "fields": {"name": "Santa Bárbara", "region": 28, "created_at": "2023-05-01T05:00:00Z", "updated_at": "2023-05-01T05:00:00Z", "is_active": true}}, {"model": "accounts.city", "pk": 973, "fields": {"name": "Surata", "region": 28, "created_at": "2023-05-01T05:00:00Z", "updated_at": "2023-05-01T05:00:00Z", "is_active": true}}, {"model": "accounts.city", "pk": 974, "fields": {"name": "Tona", "region": 28, "created_at": "2023-05-01T05:00:00Z", "updated_at": "2023-05-01T05:00:00Z", "is_active": true}}, {"model": "accounts.city", "pk": 975, "fields": {"name": "Vetas", "region": 28, "created_at": "2023-05-01T05:00:00Z", "updated_at": "2023-05-01T05:00:00Z", "is_active": true}}, {"model": "accounts.city", "pk": 976, "fields": {"name": "Aguada", "region": 28, "created_at": "2023-05-01T05:00:00Z", "updated_at": "2023-05-01T05:00:00Z", "is_active": true}}, {"model": "accounts.city", "pk": 977, "fields": {"name": "Albania", "region": 28, "created_at": "2023-05-01T05:00:00Z", "updated_at": "2023-05-01T05:00:00Z", "is_active": true}}, {"model": "accounts.city", "pk": 978, "fields": {"name": "Barbosa", "region": 28, "created_at": "2023-05-01T05:00:00Z", "updated_at": "2023-05-01T05:00:00Z", "is_active": true}}, {"model": "accounts.city", "pk": 979, "fields": {"name": "Bolívar", "region": 28, "created_at": "2023-05-01T05:00:00Z", "updated_at": "2023-05-01T05:00:00Z", "is_active": true}}, {"model": "accounts.city", "pk": 980, "fields": {"name": "Chipatá", "region": 28, "created_at": "2023-05-01T05:00:00Z", "updated_at": "2023-05-01T05:00:00Z", "is_active": true}}, {"model": "accounts.city", "pk": 981, "fields": {"name": "Cimitarra", "region": 28, "created_at": "2023-05-01T05:00:00Z", "updated_at": "2023-05-01T05:00:00Z", "is_active": true}}, {"model": "accounts.city", "pk": 982, "fields": {"name": "El Peñón", "region": 28, "created_at": "2023-05-01T05:00:00Z", "updated_at": "2023-05-01T05:00:00Z", "is_active": true}}, {"model": "accounts.city", "pk": 983, "fields": {"name": "Florián", "region": 28, "created_at": "2023-05-01T05:00:00Z", "updated_at": "2023-05-01T05:00:00Z", "is_active": true}}, {"model": "accounts.city", "pk": 984, "fields": {"name": "Guavatá", "region": 28, "created_at": "2023-05-01T05:00:00Z", "updated_at": "2023-05-01T05:00:00Z", "is_active": true}}, {"model": "accounts.city", "pk": 985, "fields": {"name": "Guepsa", "region": 28, "created_at": "2023-05-01T05:00:00Z", "updated_at": "2023-05-01T05:00:00Z", "is_active": true}}, {"model": "accounts.city", "pk": 986, "fields": {"name": "Jesús María", "region": 28, "created_at": "2023-05-01T05:00:00Z", "updated_at": "2023-05-01T05:00:00Z", "is_active": true}}, {"model": "accounts.city", "pk": 987, "fields": {"name": "La Belleza", "region": 28, "created_at": "2023-05-01T05:00:00Z", "updated_at": "2023-05-01T05:00:00Z", "is_active": true}}, {"model": "accounts.city", "pk": 988, "fields": {"name": "La Paz", "region": 28, "created_at": "2023-05-01T05:00:00Z", "updated_at": "2023-05-01T05:00:00Z", "is_active": true}}, {"model": "accounts.city", "pk": 989, "fields": {"name": "Landázuri", "region": 28, "created_at": "2023-05-01T05:00:00Z", "updated_at": "2023-05-01T05:00:00Z", "is_active": true}}, {"model": "accounts.city", "pk": 990, "fields": {"name": "Puente Nacional", "region": 28, "created_at": "2023-05-01T05:00:00Z", "updated_at": "2023-05-01T05:00:00Z", "is_active": true}}, {"model": "accounts.city", "pk": 991, "fields": {"name": "Puerto Parra", "region": 28, "created_at": "2023-05-01T05:00:00Z", "updated_at": "2023-05-01T05:00:00Z", "is_active": true}}, {"model": "accounts.city", "pk": 992, "fields": {"name": "San Benito", "region": 28, "created_at": "2023-05-01T05:00:00Z", "updated_at": "2023-05-01T05:00:00Z", "is_active": true}}, {"model": "accounts.city", "pk": 993, "fields": {"name": "Sucre", "region": 28, "created_at": "2023-05-01T05:00:00Z", "updated_at": "2023-05-01T05:00:00Z", "is_active": true}}, {"model": "accounts.city", "pk": 994, "fields": {"name": "Vélez", "region": 28, "created_at": "2023-05-01T05:00:00Z", "updated_at": "2023-05-01T05:00:00Z", "is_active": true}}, {"model": "accounts.city", "pk": 995, "fields": {"name": "Guaranda", "region": 29, "created_at": "2023-05-01T05:00:00Z", "updated_at": "2023-05-01T05:00:00Z", "is_active": true}}, {"model": "accounts.city", "pk": 996, "fields": {"name": "Majagual", "region": 29, "created_at": "2023-05-01T05:00:00Z", "updated_at": "2023-05-01T05:00:00Z", "is_active": true}}, {"model": "accounts.city", "pk": 997, "fields": {"name": "Sucre", "region": 29, "created_at": "2023-05-01T05:00:00Z", "updated_at": "2023-05-01T05:00:00Z", "is_active": true}}, {"model": "accounts.city", "pk": 998, "fields": {"name": "Chalán", "region": 29, "created_at": "2023-05-01T05:00:00Z", "updated_at": "2023-05-01T05:00:00Z", "is_active": true}}, {"model": "accounts.city", "pk": 999, "fields": {"name": "Coloso", "region": 29, "created_at": "2023-05-01T05:00:00Z", "updated_at": "2023-05-01T05:00:00Z", "is_active": true}}, {"model": "accounts.city", "pk": 1000, "fields": {"name": "Morroa", "region": 29, "created_at": "2023-05-01T05:00:00Z", "updated_at": "2023-05-01T05:00:00Z", "is_active": true}}, {"model": "accounts.city", "pk": 1001, "fields": {"name": "Ovejas", "region": 29, "created_at": "2023-05-01T05:00:00Z", "updated_at": "2023-05-01T05:00:00Z", "is_active": true}}, {"model": "accounts.city", "pk": 1002, "fields": {"name": "Sincelejo", "region": 29, "created_at": "2023-05-01T05:00:00Z", "updated_at": "2023-05-01T05:00:00Z", "is_active": true}}, {"model": "accounts.city", "pk": 1003, "fields": {"name": "Coveñas", "region": 29, "created_at": "2023-05-01T05:00:00Z", "updated_at": "2023-05-01T05:00:00Z", "is_active": true}}, {"model": "accounts.city", "pk": 1004, "fields": {"name": "Palmito", "region": 29, "created_at": "2023-05-01T05:00:00Z", "updated_at": "2023-05-01T05:00:00Z", "is_active": true}}, {"model": "accounts.city", "pk": 1005, "fields": {"name": "San Onofre", "region": 29, "created_at": "2023-05-01T05:00:00Z", "updated_at": "2023-05-01T05:00:00Z", "is_active": true}}, {"model": "accounts.city", "pk": 1006, "fields": {"name": "Santiago De Tolú", "region": 29, "created_at": "2023-05-01T05:00:00Z", "updated_at": "2023-05-01T05:00:00Z", "is_active": true}}, {"model": "accounts.city", "pk": 1007, "fields": {"name": "Tolú Viejo", "region": 29, "created_at": "2023-05-01T05:00:00Z", "updated_at": "2023-05-01T05:00:00Z", "is_active": true}}, {"model": "accounts.city", "pk": 1008, "fields": {"name": "Buenavista", "region": 29, "created_at": "2023-05-01T05:00:00Z", "updated_at": "2023-05-01T05:00:00Z", "is_active": true}}, {"model": "accounts.city", "pk": 1009, "fields": {"name": "Corozal", "region": 29, "created_at": "2023-05-01T05:00:00Z", "updated_at": "2023-05-01T05:00:00Z", "is_active": true}}, {"model": "accounts.city", "pk": 1010, "fields": {"name": "El Roble", "region": 29, "created_at": "2023-05-01T05:00:00Z", "updated_at": "2023-05-01T05:00:00Z", "is_active": true}}, {"model": "accounts.city", "pk": 1011, "fields": {"name": "Galeras", "region": 29, "created_at": "2023-05-01T05:00:00Z", "updated_at": "2023-05-01T05:00:00Z", "is_active": true}}, {"model": "accounts.city", "pk": 1012, "fields": {"name": "Los Palmitos", "region": 29, "created_at": "2023-05-01T05:00:00Z", "updated_at": "2023-05-01T05:00:00Z", "is_active": true}}, {"model": "accounts.city", "pk": 1013, "fields": {"name": "Sampués", "region": 29, "created_at": "2023-05-01T05:00:00Z", "updated_at": "2023-05-01T05:00:00Z", "is_active": true}}, {"model": "accounts.city", "pk": 1014, "fields": {"name": "San Juan Betulia", "region": 29, "created_at": "2023-05-01T05:00:00Z", "updated_at": "2023-05-01T05:00:00Z", "is_active": true}}, {"model": "accounts.city", "pk": 1015, "fields": {"name": "San Pedro", "region": 29, "created_at": "2023-05-01T05:00:00Z", "updated_at": "2023-05-01T05:00:00Z", "is_active": true}}, {"model": "accounts.city", "pk": 1016, "fields": {"name": "Sincé", "region": 29, "created_at": "2023-05-01T05:00:00Z", "updated_at": "2023-05-01T05:00:00Z", "is_active": true}}, {"model": "accounts.city", "pk": 1017, "fields": {"name": "Caimito", "region": 29, "created_at": "2023-05-01T05:00:00Z", "updated_at": "2023-05-01T05:00:00Z", "is_active": true}}, {"model": "accounts.city", "pk": 1018, "fields": {"name": "La Unión", "region": 29, "created_at": "2023-05-01T05:00:00Z", "updated_at": "2023-05-01T05:00:00Z", "is_active": true}}, {"model": "accounts.city", "pk": 1019, "fields": {"name": "San Benito Abad", "region": 29, "created_at": "2023-05-01T05:00:00Z", "updated_at": "2023-05-01T05:00:00Z", "is_active": true}}, {"model": "accounts.city", "pk": 1020, "fields": {"name": "San Marcos", "region": 29, "created_at": "2023-05-01T05:00:00Z", "updated_at": "2023-05-01T05:00:00Z", "is_active": true}}, {"model": "accounts.city", "pk": 1021, "fields": {"name": "Ambalema", "region": 30, "created_at": "2023-05-01T05:00:00Z", "updated_at": "2023-05-01T05:00:00Z", "is_active": true}}, {"model": "accounts.city", "pk": 1022, "fields": {"name": "Armero", "region": 30, "created_at": "2023-05-01T05:00:00Z", "updated_at": "2023-05-01T05:00:00Z", "is_active": true}}, {"model": "accounts.city", "pk": 1023, "fields": {"name": "Falan", "region": 30, "created_at": "2023-05-01T05:00:00Z", "updated_at": "2023-05-01T05:00:00Z", "is_active": true}}, {"model": "accounts.city", "pk": 1024, "fields": {"name": "Fresno", "region": 30, "created_at": "2023-05-01T05:00:00Z", "updated_at": "2023-05-01T05:00:00Z", "is_active": true}}, {"model": "accounts.city", "pk": 1025, "fields": {"name": "Honda", "region": 30, "created_at": "2023-05-01T05:00:00Z", "updated_at": "2023-05-01T05:00:00Z", "is_active": true}}, {"model": "accounts.city", "pk": 1026, "fields": {"name": "Mariquita", "region": 30, "created_at": "2023-05-01T05:00:00Z", "updated_at": "2023-05-01T05:00:00Z", "is_active": true}}, {"model": "accounts.city", "pk": 1027, "fields": {"name": "Palocabildo", "region": 30, "created_at": "2023-05-01T05:00:00Z", "updated_at": "2023-05-01T05:00:00Z", "is_active": true}}, {"model": "accounts.city", "pk": 1028, "fields": {"name": "Carmen De Apicalá", "region": 30, "created_at": "2023-05-01T05:00:00Z", "updated_at": "2023-05-01T05:00:00Z", "is_active": true}}, {"model": "accounts.city", "pk": 1029, "fields": {"name": "Cunday", "region": 30, "created_at": "2023-05-01T05:00:00Z", "updated_at": "2023-05-01T05:00:00Z", "is_active": true}}, {"model": "accounts.city", "pk": 1030, "fields": {"name": "Icononzo", "region": 30, "created_at": "2023-05-01T05:00:00Z", "updated_at": "2023-05-01T05:00:00Z", "is_active": true}}, {"model": "accounts.city", "pk": 1031, "fields": {"name": "Melgar", "region": 30, "created_at": "2023-05-01T05:00:00Z", "updated_at": "2023-05-01T05:00:00Z", "is_active": true}}, {"model": "accounts.city", "pk": 1032, "fields": {"name": "Villarrica", "region": 30, "created_at": "2023-05-01T05:00:00Z", "updated_at": "2023-05-01T05:00:00Z", "is_active": true}}, {"model": "accounts.city", "pk": 1033, "fields": {"name": "Ataco", "region": 30, "created_at": "2023-05-01T05:00:00Z", "updated_at": "2023-05-01T05:00:00Z", "is_active": true}}, {"model": "accounts.city", "pk": 1034, "fields": {"name": "Chaparral", "region": 30, "created_at": "2023-05-01T05:00:00Z", "updated_at": "2023-05-01T05:00:00Z", "is_active": true}}, {"model": "accounts.city", "pk": 1035, "fields": {"name": "Coyaima", "region": 30, "created_at": "2023-05-01T05:00:00Z", "updated_at": "2023-05-01T05:00:00Z", "is_active": true}}, {"model": "accounts.city", "pk": 1036, "fields": {"name": "Natagaima", "region": 30, "created_at": "2023-05-01T05:00:00Z", "updated_at": "2023-05-01T05:00:00Z", "is_active": true}}, {"model": "accounts.city", "pk": 1037, "fields": {"name": "Ortega", "region": 30, "created_at": "2023-05-01T05:00:00Z", "updated_at": "2023-05-01T05:00:00Z", "is_active": true}}, {"model": "accounts.city", "pk": 1038, "fields": {"name": "Planadas", "region": 30, "created_at": "2023-05-01T05:00:00Z", "updated_at": "2023-05-01T05:00:00Z", "is_active": true}}, {"model": "accounts.city", "pk": 1039, "fields": {"name": "Rioblanco", "region": 30, "created_at": "2023-05-01T05:00:00Z", "updated_at": "2023-05-01T05:00:00Z", "is_active": true}}, {"model": "accounts.city", "pk": 1040, "fields": {"name": "Roncesvalles", "region": 30, "created_at": "2023-05-01T05:00:00Z", "updated_at": "2023-05-01T05:00:00Z", "is_active": true}}, {"model": "accounts.city", "pk": 1041, "fields": {"name": "San Antonio", "region": 30, "created_at": "2023-05-01T05:00:00Z", "updated_at": "2023-05-01T05:00:00Z", "is_active": true}}, {"model": "accounts.city", "pk": 1042, "fields": {"name": "Alvarado", "region": 30, "created_at": "2023-05-01T05:00:00Z", "updated_at": "2023-05-01T05:00:00Z", "is_active": true}}, {"model": "accounts.city", "pk": 1043, "fields": {"name": "Anzoátegui", "region": 30, "created_at": "2023-05-01T05:00:00Z", "updated_at": "2023-05-01T05:00:00Z", "is_active": true}}, {"model": "accounts.city", "pk": 1044, "fields": {"name": "Cajamarca", "region": 30, "created_at": "2023-05-01T05:00:00Z", "updated_at": "2023-05-01T05:00:00Z", "is_active": true}}, {"model": "accounts.city", "pk": 1045, "fields": {"name": "Coello", "region": 30, "created_at": "2023-05-01T05:00:00Z", "updated_at": "2023-05-01T05:00:00Z", "is_active": true}}, {"model": "accounts.city", "pk": 1046, "fields": {"name": "Espinal", "region": 30, "created_at": "2023-05-01T05:00:00Z", "updated_at": "2023-05-01T05:00:00Z", "is_active": true}}, {"model": "accounts.city", "pk": 1047, "fields": {"name": "Flandes", "region": 30, "created_at": "2023-05-01T05:00:00Z", "updated_at": "2023-05-01T05:00:00Z", "is_active": true}}, {"model": "accounts.city", "pk": 1048, "fields": {"name": "Ibague", "region": 30, "created_at": "2023-05-01T05:00:00Z", "updated_at": "2023-05-01T05:00:00Z", "is_active": true}}, {"model": "accounts.city", "pk": 1049, "fields": {"name": "Piedras", "region": 30, "created_at": "2023-05-01T05:00:00Z", "updated_at": "2023-05-01T05:00:00Z", "is_active": true}}, {"model": "accounts.city", "pk": 1050, "fields": {"name": "Rovira", "region": 30, "created_at": "2023-05-01T05:00:00Z", "updated_at": "2023-05-01T05:00:00Z", "is_active": true}}, {"model": "accounts.city", "pk": 1051, "fields": {"name": "San Luis", "region": 30, "created_at": "2023-05-01T05:00:00Z", "updated_at": "2023-05-01T05:00:00Z", "is_active": true}}, {"model": "accounts.city", "pk": 1052, "fields": {"name": "Valle De San Juan", "region": 30, "created_at": "2023-05-01T05:00:00Z", "updated_at": "2023-05-01T05:00:00Z", "is_active": true}}, {"model": "accounts.city", "pk": 1053, "fields": {"name": "Alpujarra", "region": 30, "created_at": "2023-05-01T05:00:00Z", "updated_at": "2023-05-01T05:00:00Z", "is_active": true}}, {"model": "accounts.city", "pk": 1054, "fields": {"name": "Dolores", "region": 30, "created_at": "2023-05-01T05:00:00Z", "updated_at": "2023-05-01T05:00:00Z", "is_active": true}}, {"model": "accounts.city", "pk": 1055, "fields": {"name": "Guamo", "region": 30, "created_at": "2023-05-01T05:00:00Z", "updated_at": "2023-05-01T05:00:00Z", "is_active": true}}, {"model": "accounts.city", "pk": 1056, "fields": {"name": "Prado", "region": 30, "created_at": "2023-05-01T05:00:00Z", "updated_at": "2023-05-01T05:00:00Z", "is_active": true}}, {"model": "accounts.city", "pk": 1057, "fields": {"name": "Purificación", "region": 30, "created_at": "2023-05-01T05:00:00Z", "updated_at": "2023-05-01T05:00:00Z", "is_active": true}}, {"model": "accounts.city", "pk": 1058, "fields": {"name": "Saldaña", "region": 30, "created_at": "2023-05-01T05:00:00Z", "updated_at": "2023-05-01T05:00:00Z", "is_active": true}}, {"model": "accounts.city", "pk": 1059, "fields": {"name": "Suárez", "region": 30, "created_at": "2023-05-01T05:00:00Z", "updated_at": "2023-05-01T05:00:00Z", "is_active": true}}, {"model": "accounts.city", "pk": 1060, "fields": {"name": "Casabianca", "region": 30, "created_at": "2023-05-01T05:00:00Z", "updated_at": "2023-05-01T05:00:00Z", "is_active": true}}, {"model": "accounts.city", "pk": 1061, "fields": {"name": "Herveo", "region": 30, "created_at": "2023-05-01T05:00:00Z", "updated_at": "2023-05-01T05:00:00Z", "is_active": true}}, {"model": "accounts.city", "pk": 1062, "fields": {"name": "Lerida", "region": 30, "created_at": "2023-05-01T05:00:00Z", "updated_at": "2023-05-01T05:00:00Z", "is_active": true}}, {"model": "accounts.city", "pk": 1063, "fields": {"name": "Libano", "region": 30, "created_at": "2023-05-01T05:00:00Z", "updated_at": "2023-05-01T05:00:00Z", "is_active": true}}, {"model": "accounts.city", "pk": 1064, "fields": {"name": "Murillo", "region": 30, "created_at": "2023-05-01T05:00:00Z", "updated_at": "2023-05-01T05:00:00Z", "is_active": true}}, {"model": "accounts.city", "pk": 1065, "fields": {"name": "Santa Isabel", "region": 30, "created_at": "2023-05-01T05:00:00Z", "updated_at": "2023-05-01T05:00:00Z", "is_active": true}}, {"model": "accounts.city", "pk": 1066, "fields": {"name": "Venadillo", "region": 30, "created_at": "2023-05-01T05:00:00Z", "updated_at": "2023-05-01T05:00:00Z", "is_active": true}}, {"model": "accounts.city", "pk": 1067, "fields": {"name": "Villahermosa", "region": 30, "created_at": "2023-05-01T05:00:00Z", "updated_at": "2023-05-01T05:00:00Z", "is_active": true}}, {"model": "accounts.city", "pk": 1068, "fields": {"name": "Andalucía", "region": 31, "created_at": "2023-05-01T05:00:00Z", "updated_at": "2023-05-01T05:00:00Z", "is_active": true}}, {"model": "accounts.city", "pk": 1069, "fields": {"name": "Buga", "region": 31, "created_at": "2023-05-01T05:00:00Z", "updated_at": "2023-05-01T05:00:00Z", "is_active": true}}, {"model": "accounts.city", "pk": 1070, "fields": {"name": "Bugalagrande", "region": 31, "created_at": "2023-05-01T05:00:00Z", "updated_at": "2023-05-01T05:00:00Z", "is_active": true}}, {"model": "accounts.city", "pk": 1071, "fields": {"name": "Calima", "region": 31, "created_at": "2023-05-01T05:00:00Z", "updated_at": "2023-05-01T05:00:00Z", "is_active": true}}, {"model": "accounts.city", "pk": 1072, "fields": {"name": "El Cerrito", "region": 31, "created_at": "2023-05-01T05:00:00Z", "updated_at": "2023-05-01T05:00:00Z", "is_active": true}}, {"model": "accounts.city", "pk": 1073, "fields": {"name": "Ginebra", "region": 31, "created_at": "2023-05-01T05:00:00Z", "updated_at": "2023-05-01T05:00:00Z", "is_active": true}}, {"model": "accounts.city", "pk": 1074, "fields": {"name": "Guacarí", "region": 31, "created_at": "2023-05-01T05:00:00Z", "updated_at": "2023-05-01T05:00:00Z", "is_active": true}}, {"model": "accounts.city", "pk": 1075, "fields": {"name": "Restrepo", "region": 31, "created_at": "2023-05-01T05:00:00Z", "updated_at": "2023-05-01T05:00:00Z", "is_active": true}}, {"model": "accounts.city", "pk": 1076, "fields": {"name": "Riofrio", "region": 31, "created_at": "2023-05-01T05:00:00Z", "updated_at": "2023-05-01T05:00:00Z", "is_active": true}}, {"model": "accounts.city", "pk": 1077, "fields": {"name": "San Pedro", "region": 31, "created_at": "2023-05-01T05:00:00Z", "updated_at": "2023-05-01T05:00:00Z", "is_active": true}}, {"model": "accounts.city", "pk": 1078, "fields": {"name": "Trujillo", "region": 31, "created_at": "2023-05-01T05:00:00Z", "updated_at": "2023-05-01T05:00:00Z", "is_active": true}}, {"model": "accounts.city", "pk": 1079, "fields": {"name": "Tuluá", "region": 31, "created_at": "2023-05-01T05:00:00Z", "updated_at": "2023-05-01T05:00:00Z", "is_active": true}}, {"model": "accounts.city", "pk": 1080, "fields": {"name": "Yotoco", "region": 31, "created_at": "2023-05-01T05:00:00Z", "updated_at": "2023-05-01T05:00:00Z", "is_active": true}}, {"model": "accounts.city", "pk": 1081, "fields": {"name": "Alcala", "region": 31, "created_at": "2023-05-01T05:00:00Z", "updated_at": "2023-05-01T05:00:00Z", "is_active": true}}, {"model": "accounts.city", "pk": 1082, "fields": {"name": "Ansermanuevo", "region": 31, "created_at": "2023-05-01T05:00:00Z", "updated_at": "2023-05-01T05:00:00Z", "is_active": true}}, {"model": "accounts.city", "pk": 1083, "fields": {"name": "Argelia", "region": 31, "created_at": "2023-05-01T05:00:00Z", "updated_at": "2023-05-01T05:00:00Z", "is_active": true}}, {"model": "accounts.city", "pk": 1084, "fields": {"name": "Bolívar", "region": 31, "created_at": "2023-05-01T05:00:00Z", "updated_at": "2023-05-01T05:00:00Z", "is_active": true}}, {"model": "accounts.city", "pk": 1085, "fields": {"name": "Cartago", "region": 31, "created_at": "2023-05-01T05:00:00Z", "updated_at": "2023-05-01T05:00:00Z", "is_active": true}}, {"model": "accounts.city", "pk": 1086, "fields": {"name": "El Águila", "region": 31, "created_at": "2023-05-01T05:00:00Z", "updated_at": "2023-05-01T05:00:00Z", "is_active": true}}, {"model": "accounts.city", "pk": 1087, "fields": {"name": "El Cairo", "region": 31, "created_at": "2023-05-01T05:00:00Z", "updated_at": "2023-05-01T05:00:00Z", "is_active": true}}, {"model": "accounts.city", "pk": 1088, "fields": {"name": "El Dovio", "region": 31, "created_at": "2023-05-01T05:00:00Z", "updated_at": "2023-05-01T05:00:00Z", "is_active": true}}, {"model": "accounts.city", "pk": 1089, "fields": {"name": "La Unión", "region": 31, "created_at": "2023-05-01T05:00:00Z", "updated_at": "2023-05-01T05:00:00Z", "is_active": true}}, {"model": "accounts.city", "pk": 1090, "fields": {"name": "La Victoria", "region": 31, "created_at": "2023-05-01T05:00:00Z", "updated_at": "2023-05-01T05:00:00Z", "is_active": true}}, {"model": "accounts.city", "pk": 1091, "fields": {"name": "Obando", "region": 31, "created_at": "2023-05-01T05:00:00Z", "updated_at": "2023-05-01T05:00:00Z", "is_active": true}}, {"model": "accounts.city", "pk": 1092, "fields": {"name": "Roldanillo", "region": 31, "created_at": "2023-05-01T05:00:00Z", "updated_at": "2023-05-01T05:00:00Z", "is_active": true}}, {"model": "accounts.city", "pk": 1093, "fields": {"name": "Toro", "region": 31, "created_at": "2023-05-01T05:00:00Z", "updated_at": "2023-05-01T05:00:00Z", "is_active": true}}, {"model": "accounts.city", "pk": 1094, "fields": {"name": "Ulloa", "region": 31, "created_at": "2023-05-01T05:00:00Z", "updated_at": "2023-05-01T05:00:00Z", "is_active": true}}, {"model": "accounts.city", "pk": 1095, "fields": {"name": "Versalles", "region": 31, "created_at": "2023-05-01T05:00:00Z", "updated_at": "2023-05-01T05:00:00Z", "is_active": true}}, {"model": "accounts.city", "pk": 1096, "fields": {"name": "Zarzal", "region": 31, "created_at": "2023-05-01T05:00:00Z", "updated_at": "2023-05-01T05:00:00Z", "is_active": true}}, {"model": "accounts.city", "pk": 1097, "fields": {"name": "Buenaventura", "region": 31, "created_at": "2023-05-01T05:00:00Z", "updated_at": "2023-05-01T05:00:00Z", "is_active": true}}, {"model": "accounts.city", "pk": 1098, "fields": {"name": "Caicedonia", "region": 31, "created_at": "2023-05-01T05:00:00Z", "updated_at": "2023-05-01T05:00:00Z", "is_active": true}}, {"model": "accounts.city", "pk": 1099, "fields": {"name": "Sevilla", "region": 31, "created_at": "2023-05-01T05:00:00Z", "updated_at": "2023-05-01T05:00:00Z", "is_active": true}}, {"model": "accounts.city", "pk": 1100, "fields": {"name": "Cali", "region": 31, "created_at": "2023-05-01T05:00:00Z", "updated_at": "2023-05-01T05:00:00Z", "is_active": true}}, {"model": "accounts.city", "pk": 1101, "fields": {"name": "Candelaria", "region": 31, "created_at": "2023-05-01T05:00:00Z", "updated_at": "2023-05-01T05:00:00Z", "is_active": true}}, {"model": "accounts.city", "pk": 1102, "fields": {"name": "Dagua", "region": 31, "created_at": "2023-05-01T05:00:00Z", "updated_at": "2023-05-01T05:00:00Z", "is_active": true}}, {"model": "accounts.city", "pk": 1103, "fields": {"name": "Florida", "region": 31, "created_at": "2023-05-01T05:00:00Z", "updated_at": "2023-05-01T05:00:00Z", "is_active": true}}, {"model": "accounts.city", "pk": 1104, "fields": {"name": "Jamundí", "region": 31, "created_at": "2023-05-01T05:00:00Z", "updated_at": "2023-05-01T05:00:00Z", "is_active": true}}, {"model": "accounts.city", "pk": 1105, "fields": {"name": "La Cumbre", "region": 31, "created_at": "2023-05-01T05:00:00Z", "updated_at": "2023-05-01T05:00:00Z", "is_active": true}}, {"model": "accounts.city", "pk": 1106, "fields": {"name": "Palmira", "region": 31, "created_at": "2023-05-01T05:00:00Z", "updated_at": "2023-05-01T05:00:00Z", "is_active": true}}, {"model": "accounts.city", "pk": 1107, "fields": {"name": "Pradera", "region": 31, "created_at": "2023-05-01T05:00:00Z", "updated_at": "2023-05-01T05:00:00Z", "is_active": true}}, {"model": "accounts.city", "pk": 1108, "fields": {"name": "Vijes", "region": 31, "created_at": "2023-05-01T05:00:00Z", "updated_at": "2023-05-01T05:00:00Z", "is_active": true}}, {"model": "accounts.city", "pk": 1109, "fields": {"name": "Yumbo", "region": 31, "created_at": "2023-05-01T05:00:00Z", "updated_at": "2023-05-01T05:00:00Z", "is_active": true}}, {"model": "accounts.city", "pk": 1110, "fields": {"name": "Caruru", "region": 32, "created_at": "2023-05-01T05:00:00Z", "updated_at": "2023-05-01T05:00:00Z", "is_active": true}}, {"model": "accounts.city", "pk": 1111, "fields": {"name": "Mitú", "region": 32, "created_at": "2023-05-01T05:00:00Z", "updated_at": "2023-05-01T05:00:00Z", "is_active": true}}, {"model": "accounts.city", "pk": 1112, "fields": {"name": "Pacoa", "region": 32, "created_at": "2023-05-01T05:00:00Z", "updated_at": "2023-05-01T05:00:00Z", "is_active": true}}, {"model": "accounts.city", "pk": 1113, "fields": {"name": "Papunahua", "region": 32, "created_at": "2023-05-01T05:00:00Z", "updated_at": "2023-05-01T05:00:00Z", "is_active": true}}, {"model": "accounts.city", "pk": 1114, "fields": {"name": "Taraira", "region": 32, "created_at": "2023-05-01T05:00:00Z", "updated_at": "2023-05-01T05:00:00Z", "is_active": true}}, {"model": "accounts.city", "pk": 1115, "fields": {"name": "Yavaraté", "region": 32, "created_at": "2023-05-01T05:00:00Z", "updated_at": "2023-05-01T05:00:00Z", "is_active": true}}, {"model": "accounts.city", "pk": 1116, "fields": {"name": "Cumaribo", "region": 33, "created_at": "2023-05-01T05:00:00Z", "updated_at": "2023-05-01T05:00:00Z", "is_active": true}}, {"model": "accounts.city", "pk": 1117, "fields": {"name": "La Primavera", "region": 33, "created_at": "2023-05-01T05:00:00Z", "updated_at": "2023-05-01T05:00:00Z", "is_active": true}}, {"model": "accounts.city", "pk": 1118, "fields": {"name": "Puerto Carreño", "region": 33, "created_at": "2023-05-01T05:00:00Z", "updated_at": "2023-05-01T05:00:00Z", "is_active": true}}, {"model": "accounts.city", "pk": 1119, "fields": {"name": "Santa Rosalía", "region": 33, "created_at": "2023-05-01T05:00:00Z", "updated_at": "2023-05-01T05:00:00Z", "is_active": true}}, {"model": "accounts.user", "pk": 1, "fields": {"password": "pbkdf2_sha256$600000$JFRAoomg6DhORMTwSSjCye$2mam1KwUVPb6pfYn6XMZnAfSbh55BqeFUOCL8n+6zaY=", "last_login": "2023-06-04T04:17:30.648Z", "is_superuser": true, "username": "admin", "first_name": "Admin", "last_name": "Tecnobox", "email": "admin@tecnobox.com", "is_staff": true, "is_active": true, "date_joined": "2023-05-19T04:02:41.833Z", "birthdate": "1996-02-18", "password_reset_token": null, "password_reset_token_created_at": null, "photo": "", "groups": [], "user_permissions": []}}, {"model": "accounts.user", "pk": 5, "fields": {"password": "pbkdf2_sha256$600000$hukmkyXOw23wKZkNvpT5sq$wvjynbmBwRKa4OUxGCG/l0CoJtD3SY71WRutlDur1Hw=", "last_login": null, "is_superuser": false, "username": "juan_perez", "first_name": "Juan Alberto", "last_name": "Pérez Córdoba", "email": "juan.perez@mail.com", "is_staff": false, "is_active": true, "date_joined": "2023-06-04T04:09:49.590Z", "birthdate": "1990-01-10", "password_reset_token": null, "password_reset_token_created_at": null, "photo": "", "groups": [], "user_permissions": []}}, {"model": "accounts.user", "pk": 6, "fields": {"password": "pbkdf2_sha256$600000$BbmEASeeBCzJucwbrhK6Li$payk0Zb5wClyuo3lSykWgHZUxlMsDVFuMWtYvDbiz+g=", "last_login": null, "is_superuser": false, "username": "maria85", "first_name": "Ana María", "last_name": "Rodriguez Orejuela", "email": "maria.rodriguez@mail.com", "is_staff": false, "is_active": true, "date_joined": "2023-06-04T04:11:09.985Z", "birthdate": "1985-04-15", "password_reset_token": null, "password_reset_token_created_at": null, "photo": "", "groups": [], "user_permissions": []}}, {"model": "accounts.user", "pk": 7, "fields": {"password": "pbkdf2_sha256$600000$Dc4i6MsVGIcF0BfyantrZe$EhMc4NwDV83Lxjinb9lo8Mf9tMXoGWkHK6EQfBwVsqI=", "last_login": null, "is_superuser": false, "username": "carlosgomez", "first_name": "Carlos Mario", "last_name": "Gómez", "email": "carlos.gomez@mail.com", "is_staff": false, "is_active": true, "date_joined": "2023-06-04T04:12:19.275Z", "birthdate": "1992-07-22", "password_reset_token": null, "password_reset_token_created_at": null, "photo": "", "groups": [], "user_permissions": []}}, {"model": "accounts.user", "pk": 8, "fields": {"password": "pbkdf2_sha256$600000$3gHGGiRMya5ZnXoISBacwL$mnA+EKEraKSjkg2y1RyNA2O52yWFBRX38Uz/GDFCxG4=", "last_login": null, "is_superuser": false, "username": "lauraramirez", "first_name": "Laura", "last_name": "Ramirez", "email": "laura@mail.com", "is_staff": false, "is_active": true, "date_joined": "2023-06-04T04:13:19.898Z", "birthdate": "1988-05-05", "password_reset_token": null, "password_reset_token_created_at": null, "photo": "", "groups": [], "user_permissions": []}}, {"model": "accounts.user", "pk": 9, "fields": {"password": "pbkdf2_sha256$600000$qPJtqiJOlWmnKwoMDdny4E$RsZJBUaC6Knh/TIAfBWNz7ae2hAAxl9PGkFEcaHP/uI=", "last_login": null, "is_superuser": false, "username": "andres_lopez", "first_name": "Andrés", "last_name": "López Ortiz", "email": "andres.lopez@mail.com", "is_staff": false, "is_active": true, "date_joined": "2023-06-04T04:14:33.881Z", "birthdate": "2000-11-30", "password_reset_token": null, "password_reset_token_created_at": null, "photo": "", "groups": [], "user_permissions": []}}, {"model": "accounts.contact", "pk": 4, "fields": {"user": 5, "region": 5, "city": 167, "address": "Calle 123 # 45-67", "phone": "3215551234", "created_at": "2023-06-04T04:09:49.823Z", "updated_at": "2023-06-04T04:09:49.823Z", "is_active": true}}, {"model": "accounts.contact", "pk": 5, "fields": {"user": 6, "region": 2, "city": 135, "address": "Carrera 10 # 20-30", "phone": "3157775678", "created_at": "2023-06-04T04:11:10.151Z", "updated_at": "2023-06-04T04:11:10.151Z", "is_active": true}}, {"model": "accounts.contact", "pk": 6, "fields": {"user": 7, "region": 31, "city": 1100, "address": "Avenida Principal # 15-25", "phone": "3109992345", "created_at": "2023-06-04T04:12:19.439Z", "updated_at": "2023-06-04T04:12:19.439Z", "is_active": true}}, {"model": "accounts.contact", "pk": 7, "fields": {"user": 8, "region": 4, "city": 144, "address": "Calle Real # 40-50", "phone": "3188884567", "created_at": "2023-06-04T04:13:20.063Z", "updated_at": "2023-06-04T04:13:20.063Z", "is_active": true}}, {"model": "accounts.contact", "pk": 8, "fields": {"user": 9, "region": 6, "city": 177, "address": "Carrera Norte # 5-10", "phone": "3002227890", "created_at": "2023-06-04T04:14:34.055Z", "updated_at": "2023-06-04T04:14:34.055Z", "is_active": true}}, {"model": "shop.brand", "pk": 1, "fields": {"name": "MSI", "created_at": "2023-05-19T19:46:56.853Z", "updated_at": "2023-05-19T19:46:56.853Z", "is_active": true}}, {"model": "shop.brand", "pk": 2, "fields": {"name": "HP", "created_at": "2023-05-27T22:25:24.878Z", "updated_at": "2023-05-27T22:25:24.878Z", "is_active": true}}, {"model": "shop.brand", "pk": 3, "fields": {"name": "Samsung", "created_at": "2023-05-19T19:46:56.853Z", "updated_at": "2023-05-19T19:46:56.853Z", "is_active": true}}, {"model": "shop.brand", "pk": 4, "fields": {"name": "Sony", "created_at": "2023-05-19T19:46:56.853Z", "updated_at": "2023-05-19T19:46:56.853Z", "is_active": true}}, {"model": "shop.brand", "pk": 5, "fields": {"name": "Amazon", "created_at": "2023-05-19T19:46:56.853Z", "updated_at": "2023-05-19T19:46:56.853Z", "is_active": true}}, {"model": "shop.brand", "pk": 6, "fields": {"name": "LG", "created_at": "2023-05-19T19:46:56.853Z", "updated_at": "2023-05-19T19:46:56.853Z", "is_active": true}}, {"model": "shop.brand", "pk": 7, "fields": {"name": "Panasonic", "created_at": "2023-05-19T19:46:56.853Z", "updated_at": "2023-05-19T19:46:56.853Z", "is_active": true}}, {"model": "shop.brand", "pk": 8, "fields": {"name": "Apple", "created_at": "2023-05-19T19:46:56.853Z", "updated_at": "2023-05-19T19:46:56.853Z", "is_active": true}}, {"model": "shop.brand", "pk": 9, "fields": {"name": "Dell", "created_at": "2023-05-19T19:46:56.853Z", "updated_at": "2023-05-19T19:46:56.853Z", "is_active": true}}, {"model": "shop.brand", "pk": 10, "fields": {"name": "Intel", "created_at": "2023-05-19T19:46:56.853Z", "updated_at": "2023-05-19T19:46:56.853Z", "is_active": true}}, {"model": "shop.brand", "pk": 11, "fields": {"name": "IBM", "created_at": "2023-05-19T19:46:56.853Z", "updated_at": "2023-05-19T19:46:56.853Z", "is_active": true}}, {"model": "shop.brand", "pk": 12, "fields": {"name": "Cisco", "created_at": "2023-05-19T19:46:56.853Z", "updated_at": "2023-05-19T19:46:56.853Z", "is_active": true}}, {"model": "shop.brand", "pk": 13, "fields": {"name": "HITACHI", "created_at": "2023-05-19T19:46:56.853Z", "updated_at": "2023-05-30T03:19:28.303Z", "is_active": true}}, {"model": "shop.brand", "pk": 14, "fields": {"name": "Oracle", "created_at": "2023-05-19T19:46:56.853Z", "updated_at": "2023-05-19T19:46:56.853Z", "is_active": true}}, {"model": "shop.brand", "pk": 15, "fields": {"name": "Huawei", "created_at": "2023-05-19T19:46:56.853Z", "updated_at": "2023-05-19T19:46:56.853Z", "is_active": true}}, {"model": "shop.brand", "pk": 16, "fields": {"name": "AMD", "created_at": "2023-05-19T19:46:56.853Z", "updated_at": "2023-05-19T19:46:56.853Z", "is_active": true}}, {"model": "shop.brand", "pk": 17, "fields": {"name": "SuperComputoXXX", "created_at": "2023-05-30T02:27:13.671Z", "updated_at": "2023-05-30T03:03:09.526Z", "is_active": false}}, {"model": "shop.brand", "pk": 20, "fields": {"name": "Apple", "created_at": "2023-05-30T03:18:58.626Z", "updated_at": "2023-05-30T03:19:14.852Z", "is_active": false}}, {"model": "shop.brand", "pk": 21, "fields": {"name": "Asus", "created_at": "2023-06-04T04:21:28.577Z", "updated_at": "2023-06-04T04:21:28.577Z", "is_active": true}}, {"model": "shop.brand", "pk": 22, "fields": {"name": "Acer", "created_at": "2023-06-04T04:21:41.133Z", "updated_at": "2023-06-04T04:21:41.133Z", "is_active": true}}, {"model": "shop.brand", "pk": 23, "fields": {"name": "Microsoft", "created_at": "2023-06-04T04:21:53.781Z", "updated_at": "2023-06-04T04:21:53.781Z", "is_active": true}}, {"model": "shop.brand", "pk": 24, "fields": {"name": "Toshiba", "created_at": "2023-06-04T04:22:06.280Z", "updated_at": "2023-06-04T04:22:06.280Z", "is_active": true}}, {"model": "shop.brand", "pk": 25, "fields": {"name": "Nvidia", "created_at": "2023-06-04T04:22:21.777Z", "updated_at": "2023-06-04T04:22:21.777Z", "is_active": true}}, {"model": "shop.brand", "pk": 26, "fields": {"name": "Logitech", "created_at": "2023-06-04T04:22:28.586Z", "updated_at": "2023-06-04T04:22:28.586Z", "is_active": true}}, {"model": "shop.brand", "pk": 27, "fields": {"name": "Razer", "created_at": "2023-06-04T04:22:38.971Z", "updated_at": "2023-06-04T04:22:38.971Z", "is_active": true}}, {"model": "shop.brand", "pk": 28, "fields": {"name": "Kingston", "created_at": "2023-06-04T04:22:48.469Z", "updated_at": "2023-06-04T04:22:48.469Z", "is_active": true}}, {"model": "shop.brand", "pk": 29, "fields": {"name": "Western Digital", "created_at": "2023-06-04T04:22:56.934Z", "updated_at": "2023-06-04T04:22:56.934Z", "is_active": true}}, {"model": "shop.brand", "pk": 30, "fields": {"name": "Epson", "created_at": "2023-06-04T04:23:38.116Z", "updated_at": "2023-06-04T04:23:38.116Z", "is_active": true}}, {"model": "shop.brand", "pk": 31, "fields": {"name": "Phillips", "created_at": "2023-06-04T04:24:00.632Z", "updated_at": "2023-06-04T04:24:00.632Z", "is_active": true}}, {"model": "shop.brand", "pk": 32, "fields": {"name": "Fantech", "created_at": "2023-06-04T04:50:00.420Z", "updated_at": "2023-06-04T04:50:00.420Z", "is_active": true}}, {"model": "shop.brand", "pk": 33, "fields": {"name": "Epik Office", "created_at": "2023-06-04T04:54:09.569Z", "updated_at": "2023-06-04T04:54:09.569Z", "is_active": true}}, {"model": "shop.brand", "pk": 34, "fields": {"name": "Genius", "created_at": "2023-06-04T05:00:59.358Z", "updated_at": "2023-06-04T05:00:59.358Z", "is_active": true}}, {"model": "shop.brand", "pk": 35, "fields": {"name": "Lenovo", "created_at": "2023-06-04T05:30:14.718Z", "updated_at": "2023-06-04T05:30:14.718Z", "is_active": true}}, {"model": "shop.brand", "pk": 36, "fields": {"name": "Iceberg", "created_at": "2023-06-04T05:42:54.379Z", "updated_at": "2023-06-04T05:42:54.379Z", "is_active": true}}, {"model": "shop.brand", "pk": 37, "fields": {"name": "Ryzen", "created_at": "2023-06-04T05:45:05.775Z", "updated_at": "2023-06-04T05:45:05.775Z", "is_active": true}}, {"model": "shop.brand", "pk": 38, "fields": {"name": "Zeyrum", "created_at": "2023-06-04T05:53:38.590Z", "updated_at": "2023-06-04T05:53:38.590Z", "is_active": true}}, {"model": "shop.brand", "pk": 39, "fields": {"name": "Redragon", "created_at": "2023-06-04T05:56:41.903Z", "updated_at": "2023-06-04T05:56:41.903Z", "is_active": true}}, {"model": "shop.category", "pk": 1, "fields": {"name": "Laptop", "created_at": "2023-05-19T19:46:08.678Z", "updated_at": "2023-05-19T19:46:08.678Z", "is_active": true}}, {"model": "shop.category", "pk": 2, "fields": {"name": "Desktop", "created_at": "2023-05-27T22:25:11.348Z", "updated_at": "2023-06-04T04:25:33.160Z", "is_active": true}}, {"model": "shop.category", "pk": 3, "fields": {"name": "Tablet", "created_at": "2023-05-31T01:24:11.669Z", "updated_at": "2023-06-04T04:25:43.202Z", "is_active": true}}, {"model": "shop.category", "pk": 4, "fields": {"name": "Calzoncillos", "created_at": "2023-05-31T01:24:25.704Z", "updated_at": "2023-05-31T01:24:38.202Z", "is_active": false}}, {"model": "shop.category", "pk": 5, "fields": {"name": "Smartphone", "created_at": "2023-06-03T02:11:10.266Z", "updated_at": "2023-06-04T04:25:51.484Z", "is_active": true}}, {"model": "shop.category", "pk": 6, "fields": {"name": "Redes y conectividad", "created_at": "2023-06-04T04:26:08.225Z", "updated_at": "2023-06-04T04:26:08.225Z", "is_active": true}}, {"model": "shop.category", "pk": 7, "fields": {"name": "Componentes de PC", "created_at": "2023-06-04T04:26:55.284Z", "updated_at": "2023-06-04T04:26:55.284Z", "is_active": true}}, {"model": "shop.category", "pk": 8, "fields": {"name": "Periféricos", "created_at": "2023-06-04T04:27:21.107Z", "updated_at": "2023-06-04T04:27:21.107Z", "is_active": true}}, {"model": "shop.category", "pk": 9, "fields": {"name": "Accesorios de PC", "created_at": "2023-06-04T04:27:27.580Z", "updated_at": "2023-06-04T04:27:27.580Z", "is_active": true}}, {"model": "shop.category", "pk": 10, "fields": {"name": "Audio y sonido", "created_at": "2023-06-04T04:27:36.307Z", "updated_at": "2023-06-04T04:27:36.307Z", "is_active": true}}, {"model": "shop.category", "pk": 11, "fields": {"name": "Software y licencias", "created_at": "2023-06-04T04:27:47.390Z", "updated_at": "2023-06-04T04:27:47.390Z", "is_active": true}}, {"model": "shop.category", "pk": 12, "fields": {"name": "Almacenam. y memoria", "created_at": "2023-06-04T04:27:57.616Z", "updated_at": "2023-06-04T06:07:39.509Z", "is_active": true}}, {"model": "shop.category", "pk": 13, "fields": {"name": "Sillas", "created_at": "2023-06-04T04:28:13.198Z", "updated_at": "2023-06-04T04:28:13.198Z", "is_active": true}}, {"model": "shop.category", "pk": 14, "fields": {"name": "Monitor", "created_at": "2023-06-04T04:42:02.576Z", "updated_at": "2023-06-04T04:42:02.576Z", "is_active": true}}, {"model": "shop.company", "pk": 1, "fields": {"rut": 80017656, "name": "Tecnobox", "address": "Calle 26 C4 # 2W33", "phone": "3146578690", "email": "info@tecnobox.com", "schedule": "Lunes a jueves: 8:00 - 18:00\r\nViernes: 8:00 - 17:00\r\nSábado: 8:00 - 12:00", "created_at": "2023-06-03T02:17:05.251Z", "updated_at": "2023-06-03T02:17:05.251Z", "is_active": true}}, {"model": "shop.discount", "pk": 1, "fields": {"name": "Por tiempo limitado", "percentage": "25.00", "created_at": "2023-06-01T00:00:00Z", "updated_at": "2023-06-04T04:29:32.002Z", "finish_at": "2023-07-01T00:00:00Z", "is_active": true}}, {"model": "shop.discount", "pk": 2, "fields": {"name": "Por cantidad", "percentage": "10.00", "created_at": "2023-05-01T00:00:00Z", "updated_at": "2023-06-04T04:33:54.976Z", "finish_at": "2023-10-01T00:00:00Z", "is_active": true}}, {"model": "shop.discount", "pk": 3, "fields": {"name": "Otakus 4ever", "percentage": "44.00", "created_at": "2023-05-31T02:03:14.245Z", "updated_at": "2023-05-31T02:03:20.010Z", "finish_at": "2023-06-09T00:00:00Z", "is_active": false}}, {"model": "shop.discount", "pk": 4, "fields": {"name": "Black Friday", "percentage": "40.00", "created_at": "2023-10-20T00:00:00Z", "updated_at": "2023-06-04T04:34:33.504Z", "finish_at": "2023-10-20T00:00:00Z", "is_active": true}}, {"model": "shop.discount", "pk": 5, "fields": {"name": "Navidad", "percentage": "25.00", "created_at": "2023-12-01T00:00:00Z", "updated_at": "2023-06-04T04:34:55.497Z", "finish_at": "2023-12-31T00:00:00Z", "is_active": true}}, {"model": "shop.discount", "pk": 6, "fields": {"name": "Por liquidación", "percentage": "15.00", "created_at": "2023-06-04T04:35:29.625Z", "updated_at": "2023-06-04T04:35:29.625Z", "finish_at": "2023-12-01T00:00:00Z", "is_active": true}}, {"model": "shop.paymentmethod", "pk": 1, "fields": {"name": "Tarjeta de crédito", "created_at": "2023-05-22T22:58:03.660Z", "updated_at": "2023-05-22T22:58:03.661Z", "is_active": true}}, {"model": "shop.product", "pk": 26, "fields": {"category": 1, "brand": 21, "name": "VivoBook E410MA", "description": "Disfruta de la perfecta combinación de rendimiento y diseño con este ordenador Asus VivoBook E410MA. Encontrarás en él una excelente herramienta para tus trabajos de todos los días y para tus momentos de entretenimiento. Aprovecha la experiencia extraordinaria que la marca tiene para ofrecerte y optimiza la calidad de tus imágenes y videos.", "price": "1180000.00", "stock": 25, "created_at": "2023-06-04T05:14:25.073Z", "updated_at": "2023-06-04T05:26:48.776Z", "is_active": true}}, {"model": "shop.product", "pk": 27, "fields": {"category": 1, "brand": 9, "name": "Inspiron 3505", "description": "Los equipos Dell se destacan por ofrecer soluciones reales para cada una de las necesidades. Ya sea para conectarte, entretenerte, trabajar o colaborar de manera online, podrás hacerlo de forma segura desde cualquier lugar y en cualquier momento.", "price": "1960000.00", "stock": 25, "created_at": "2023-06-04T05:29:09.896Z", "updated_at": "2023-06-04T05:29:09.897Z", "is_active": true}}, {"model": "shop.product", "pk": 28, "fields": {"category": 1, "brand": 35, "name": "IdeaPad 14ADA05 platinum gray", "description": "El ordenador Lenovo IdeaPad 3 fue pensado para hacer tu vida más sencilla. Su diseño elegante e innovador y su comodidadpara transportarlo, lo convertirá en tu PC favorita. Cualquier tarea que te propongas, ya sea en casa o en la oficina, la harás con facilidad gracias a su poderoso rendimiento.", "price": "929900.00", "stock": 30, "created_at": "2023-06-04T05:31:23.884Z", "updated_at": "2023-06-04T05:31:23.884Z", "is_active": true}}, {"model": "shop.product", "pk": 29, "fields": {"category": 1, "brand": 21, "name": "M515DA", "description": "La laptop Asus M515DA es una solución tanto para trabajar y estudiar como para entretenerte. Al ser portátil, el escritorio dejará de ser tu único espacio de uso para abrirte las puertas a otros ambientes ya sea en tu casa o en la oficina.", "price": "1950500.00", "stock": 25, "created_at": "2023-06-04T05:33:20.204Z", "updated_at": "2023-06-04T05:33:20.204Z", "is_active": true}}, {"model": "shop.product", "pk": 30, "fields": {"category": 1, "brand": 2, "name": "240 G7", "description": "La laptop HP 240 G7 es una solución tanto para trabajar y estudiar como para entretenerte. Al ser portátil, el escritorio dejará de ser tu único espacio de uso para abrirte las puertas a otros ambientes ya sea en tu casa o en la oficina.", "price": "900000.00", "stock": 31, "created_at": "2023-06-04T05:38:30.197Z", "updated_at": "2023-06-04T06:20:20.657Z", "is_active": true}}, {"model": "shop.product", "pk": 31, "fields": {"category": 2, "brand": 10, "name": "Equipo Torre Cpu Intel Dualcore Ssd 240gb Ram 8gb Monitor 22", "description": "Incluye monitor Janus LED 22'' HDMI, VGA, Full HD.", "price": "1299900.00", "stock": 15, "created_at": "2023-06-04T05:42:04.343Z", "updated_at": "2023-06-04T05:42:04.343Z", "is_active": true}}, {"model": "shop.product", "pk": 32, "fields": {"category": 7, "brand": 36, "name": "Gabinete Atx Media Torre Iceberg Flow Gs + 4 Fan Incluidos", "description": "Es el nuevo integrante de la familia Flow de Iceberg, con su propuesta de alto flujo y rendimiento presentamos el gabinete Flow GS.", "price": "369900.00", "stock": 18, "created_at": "2023-06-04T05:44:04.059Z", "updated_at": "2023-06-04T05:44:04.059Z", "is_active": true}}, {"model": "shop.product", "pk": 33, "fields": {"category": 2, "brand": 37, "name": "Torre Cpu Gamer Ryzen 7 5700g Vega 8 1tb 32gb Pc", "description": "TORRE POWER GROUP L18, FUENTE REAL 350W, BOARD AMD A520M, PROCESADOR AMD RYZEN 7 5700G, GRAFICOS INTEGRADOS AMD RADEON VEGA 8, RAM DDR4 32GB BLINDADA 3200MHZ 1X32GB (Ó 2X16GB), SSD 240GB (Ó DISCO DURO 1TB).", "price": "2649900.00", "stock": 20, "created_at": "2023-06-04T05:46:05.476Z", "updated_at": "2023-06-04T05:46:05.476Z", "is_active": true}}, {"model": "shop.product", "pk": 34, "fields": {"category": 6, "brand": 6, "name": "Cable Convertidor Hdmi A Vga Pc Laptop Tv Monitor 1080p", "description": "Convierta el puerto de salida HDMI a una entrada VGA. Admite resoluciones de hasta 1920x1080 (1080p Full HD), incluidas 720p y 1600x1200 para monitores o proyectores HD de 60Hz.", "price": "12500.00", "stock": 30, "created_at": "2023-06-04T05:50:48.776Z", "updated_at": "2023-06-04T05:50:48.776Z", "is_active": true}}, {"model": "shop.product", "pk": 35, "fields": {"category": 6, "brand": 33, "name": "Cable Hdmi 5 Metros Doble Filtro Mallado Punta Dorada", "description": "Este cable es ideal para conectar tus dispositivos de manera fácil y sencilla. Podrás transferir tu audio y video en pocos pasos.", "price": "8900.00", "stock": 40, "created_at": "2023-06-04T05:51:55.549Z", "updated_at": "2023-06-04T05:51:55.549Z", "is_active": true}}, {"model": "shop.product", "pk": 36, "fields": {"category": 6, "brand": 34, "name": "Cable Para Fuente De Poder De Computador / Pc", "description": "Con una longitud de 1.2 mts te permite un mayor alcance entre los dispositivos para un mejor funcionamiento y con la seguridad de que el cable alcanzará. Fácil de usar, sólo conecta y listo.", "price": "6700.00", "stock": 25, "created_at": "2023-06-04T05:52:59.329Z", "updated_at": "2023-06-04T05:52:59.329Z", "is_active": true}}, {"model": "shop.product", "pk": 37, "fields": {"category": 13, "brand": 38, "name": "Silla Gamer Azul Ergonomica Para Escritorio", "description": "Disfruta tus juegos de video con la comodidad y confort que te mereces con la Silla Gamer. La silla Gamer silla, brazos y espaldar de ECO CUERO de alta durabilidad, cinco (5) patas con rodachines para mayor estabilidad y mejor desplazamiento, su diseño y textura generan una experiencia única mientras disfrutas de tus momentos de esparcimiento.", "price": "390000.00", "stock": 25, "created_at": "2023-06-04T05:54:43.083Z", "updated_at": "2023-06-04T05:54:43.083Z", "is_active": true}}, {"model": "shop.product", "pk": 38, "fields": {"category": 13, "brand": 32, "name": "Silla de escritorio Trust GXT 708 gamer ergonómica ", "description": "La selección de una silla adecuada es muy importante para prevenir futuras lesiones. Con esta silla Trust, tendrás la comodidad y el bienestar que necesitas a lo largo de tu jornada. Además, puedes ubicarla en cualquier parte de tu casa u oficina ya que su diseño se adapta a múltiples entornos. ¡Dale a tus espacios un toque más moderno!", "price": "999900.00", "stock": 30, "created_at": "2023-06-04T05:56:12.349Z", "updated_at": "2023-06-04T05:56:12.349Z", "is_active": true}}, {"model": "shop.product", "pk": 39, "fields": {"category": 8, "brand": 39, "name": "Diadema gamer H260W Hylas RGB", "description": "¡Experimenta la adrenalina de sumergirte en la escena de otra manera! Tener auriculares específicos para jugar cambia completamente tu experiencia en cada partida. Con los Redragon HYLAS H260W-RGB no te pierdes ningún detalle y escuchas el audio tal y como fue diseñado por los creadores.", "price": "99999.00", "stock": 15, "created_at": "2023-06-04T05:57:42.966Z", "updated_at": "2023-06-04T05:57:42.966Z", "is_active": true}}, {"model": "shop.product", "pk": 40, "fields": {"category": 8, "brand": 39, "name": "Auricular Gamer Redragon H520 Icon Multiplataforma Pc Ps4 Color Negro", "description": "¡Experimenta la adrenalina de sumergirte en la escena de otra manera! Tener auriculares específicos para jugar cambia completamente tu experiencia en cada partida. Con los Redragon H520 ICON no te pierdes ningún detalle y escuchas el audio tal y como fue diseñado por los creadores.", "price": "229900.00", "stock": 19, "created_at": "2023-06-04T05:58:30.853Z", "updated_at": "2023-06-04T05:58:30.853Z", "is_active": true}}, {"model": "shop.product", "pk": 41, "fields": {"category": 8, "brand": 39, "name": "Audífonos gamer Trust Radius GXT 310 black y red", "description": "¡Experimenta la adrenalina de sumergirte en la escena de otra manera! Tener auriculares específicos para jugar cambia completamente tu experiencia en cada partida. Con los Trust Radius no te pierdes ningún detalle y escuchas el audio tal y como fue diseñado por los creadores.", "price": "39000.00", "stock": 25, "created_at": "2023-06-04T05:59:42.343Z", "updated_at": "2023-06-04T05:59:42.343Z", "is_active": true}}, {"model": "shop.product", "pk": 42, "fields": {"category": 14, "brand": 6, "name": "Monitor Ultrawide LG 34 Ips Hrd10 Freesync 34wp500-b - Negro", "description": "El LG UltraWide(tm) 34WP500 formato 21:9 con 32% más de campo de visión es perfecto, para trabajar desde casa u oficina. Permite ver distintas ventanas y tener abiertos distintos programas al mismo tiempo.", "price": "1367450.00", "stock": 30, "created_at": "2023-06-04T06:01:07.246Z", "updated_at": "2023-06-04T06:01:07.246Z", "is_active": true}}, {"model": "shop.product", "pk": 43, "fields": {"category": 14, "brand": 3, "name": "C27R500FHL led 27\" dark blue gray 100V/240V", "description": "Samsung está fielmente comprometida en brindar productos de calidad y que contribuyan a crear un mejor futuro para las personas. Como empresa líder en la industria tecnológica uno de sus objetivos principales es desarrollar avanzadas e innovadoras soluciones. Es por ello que con este monitor tendrás y disfrutarás de una gran experiencia visual en todo momento.", "price": "847000.00", "stock": 28, "created_at": "2023-06-04T06:02:10.998Z", "updated_at": "2023-06-04T06:02:10.998Z", "is_active": true}}, {"model": "shop.product", "pk": 44, "fields": {"category": 14, "brand": 3, "name": "S19A330 LCD 19\" negro 100V/240V", "description": "Un monitor a la medida. Gracias a su pantalla LCD obtendrás gráficas con gran nitidez, colores vivos y atractivos.", "price": "334999.00", "stock": 35, "created_at": "2023-06-04T06:03:35.436Z", "updated_at": "2023-06-04T06:03:35.436Z", "is_active": true}}, {"model": "shop.product", "pk": 45, "fields": {"category": 10, "brand": 34, "name": "Parlante Genius SP-HF180 negra", "description": "Genius SP-HF180 ofrece un sonido natural, con una gran claridad y precisión, que se dispersa de manera uniforme. Un parlante que asegura potencia y calidad por igual en la reproducción de contenidos multimedia.", "price": "44000.00", "stock": 25, "created_at": "2023-06-04T06:04:35.720Z", "updated_at": "2023-06-04T06:04:35.720Z", "is_active": true}}, {"model": "shop.product", "pk": 46, "fields": {"category": 12, "brand": 29, "name": "Disco duro interno Western Digital WD Purple WD40PURX 4TB púrpura", "description": "El WD Purple WD40PURX se caracteriza por su eficiencia y buen funcionamiento, que sumado a su reducido consumo energético lo vuelven un disco indispensable para funciones estándar.", "price": "424440.00", "stock": 35, "created_at": "2023-06-04T06:06:46.151Z", "updated_at": "2023-06-04T06:06:46.151Z", "is_active": true}}, {"model": "shop.product", "pk": 47, "fields": {"category": 12, "brand": 28, "name": "USB Kingston DataTraveler G4 DTIG4 128GB 3.0 blanco y verde", "description": "Este pendrive te permitirá almacenar hasta 128 GB para que puedas guardar gran cantidad de información, imágenes u otros tipos de archivos.", "price": "59900.00", "stock": 30, "created_at": "2023-06-04T06:09:17.398Z", "updated_at": "2023-06-04T06:09:17.398Z", "is_active": true}}, {"model": "shop.productphoto", "pk": 61, "fields": {"product": 26, "photo": "products/photo.jpg", "created_at": "2023-06-04T05:26:48.825Z", "updated_at": "2023-06-04T05:26:48.832Z", "is_active": true}}, {"model": "shop.productphoto", "pk": 62, "fields": {"product": 26, "photo": "products/photo_ec0N0JR.jpg", "created_at": "2023-06-04T05:26:48.833Z", "updated_at": "2023-06-04T05:26:48.834Z", "is_active": true}}, {"model": "shop.productphoto", "pk": 63, "fields": {"product": 26, "photo": "products/photo_qcm3bFC.jpg", "created_at": "2023-06-04T05:26:48.835Z", "updated_at": "2023-06-04T05:26:48.837Z", "is_active": true}}, {"model": "shop.productphoto", "pk": 64, "fields": {"product": 26, "photo": "products/photo_QbDALRL.jpg", "created_at": "2023-06-04T05:26:48.838Z", "updated_at": "2023-06-04T05:26:48.839Z", "is_active": true}}, {"model": "shop.productphoto", "pk": 65, "fields": {"product": 27, "photo": "products/photo_0aGlidF.jpg", "created_at": "2023-06-04T05:29:09.898Z", "updated_at": "2023-06-04T05:29:09.916Z", "is_active": true}}, {"model": "shop.productphoto", "pk": 66, "fields": {"product": 27, "photo": "products/photo_hwsrIjN.jpg", "created_at": "2023-06-04T05:29:09.917Z", "updated_at": "2023-06-04T05:29:09.919Z", "is_active": true}}, {"model": "shop.productphoto", "pk": 67, "fields": {"product": 27, "photo": "products/photo_g4bN5Jq.jpg", "created_at": "2023-06-04T05:29:09.920Z", "updated_at": "2023-06-04T05:29:09.922Z", "is_active": true}}, {"model": "shop.productphoto", "pk": 68, "fields": {"product": 28, "photo": "products/photo_3qE808g.jpg", "created_at": "2023-06-04T05:31:23.885Z", "updated_at": "2023-06-04T05:31:23.889Z", "is_active": true}}, {"model": "shop.productphoto", "pk": 69, "fields": {"product": 28, "photo": "products/photo_0Z4Geo8.jpg", "created_at": "2023-06-04T05:31:23.890Z", "updated_at": "2023-06-04T05:31:23.893Z", "is_active": true}}, {"model": "shop.productphoto", "pk": 70, "fields": {"product": 28, "photo": "products/photo_rUjcxjl.jpg", "created_at": "2023-06-04T05:31:23.894Z", "updated_at": "2023-06-04T05:31:23.895Z", "is_active": true}}, {"model": "shop.productphoto", "pk": 71, "fields": {"product": 29, "photo": "products/photo_HRdYmin.jpg", "created_at": "2023-06-04T05:33:20.205Z", "updated_at": "2023-06-04T05:33:20.210Z", "is_active": true}}, {"model": "shop.productphoto", "pk": 72, "fields": {"product": 29, "photo": "products/photo_hU3gUfw.jpg", "created_at": "2023-06-04T05:33:20.211Z", "updated_at": "2023-06-04T05:33:20.213Z", "is_active": true}}, {"model": "shop.productphoto", "pk": 73, "fields": {"product": 29, "photo": "products/photo_CDk4f04.jpg", "created_at": "2023-06-04T05:33:20.214Z", "updated_at": "2023-06-04T05:33:20.234Z", "is_active": true}}, {"model": "shop.productphoto", "pk": 74, "fields": {"product": 30, "photo": "products/photo_tSdcgB6.jpg", "created_at": "2023-06-04T05:38:30.199Z", "updated_at": "2023-06-04T05:38:30.203Z", "is_active": true}}, {"model": "shop.productphoto", "pk": 75, "fields": {"product": 30, "photo": "products/photo_nNdrs9r.jpg", "created_at": "2023-06-04T05:38:30.204Z", "updated_at": "2023-06-04T05:38:30.206Z", "is_active": true}}, {"model": "shop.productphoto", "pk": 76, "fields": {"product": 30, "photo": "products/photo_YJEACGZ.jpg", "created_at": "2023-06-04T05:38:30.207Z", "updated_at": "2023-06-04T05:38:30.208Z", "is_active": true}}, {"model": "shop.productphoto", "pk": 77, "fields": {"product": 30, "photo": "products/photo_o6W0NnE.jpg", "created_at": "2023-06-04T05:38:30.209Z", "updated_at": "2023-06-04T05:38:30.211Z", "is_active": true}}, {"model": "shop.productphoto", "pk": 78, "fields": {"product": 31, "photo": "products/photo_Xhqstll.jpg", "created_at": "2023-06-04T05:42:04.345Z", "updated_at": "2023-06-04T05:42:04.349Z", "is_active": true}}, {"model": "shop.productphoto", "pk": 79, "fields": {"product": 31, "photo": "products/photo_ZuSDHZb.jpg", "created_at": "2023-06-04T05:42:04.350Z", "updated_at": "2023-06-04T05:42:04.352Z", "is_active": true}}, {"model": "shop.productphoto", "pk": 80, "fields": {"product": 32, "photo": "products/photo_hWP5rAg.jpg", "created_at": "2023-06-04T05:44:04.060Z", "updated_at": "2023-06-04T05:44:04.064Z", "is_active": true}}, {"model": "shop.productphoto", "pk": 81, "fields": {"product": 32, "photo": "products/photo_dzQ1Wdl.jpg", "created_at": "2023-06-04T05:44:04.065Z", "updated_at": "2023-06-04T05:44:04.066Z", "is_active": true}}, {"model": "shop.productphoto", "pk": 82, "fields": {"product": 32, "photo": "products/photo_N5Qgba2.jpg", "created_at": "2023-06-04T05:44:04.067Z", "updated_at": "2023-06-04T05:44:04.069Z", "is_active": true}}, {"model": "shop.productphoto", "pk": 83, "fields": {"product": 33, "photo": "products/photo_HjTvYCA.jpg", "created_at": "2023-06-04T05:46:05.477Z", "updated_at": "2023-06-04T05:46:05.481Z", "is_active": true}}, {"model": "shop.productphoto", "pk": 84, "fields": {"product": 34, "photo": "products/photo_iuQHDFE.jpg", "created_at": "2023-06-04T05:50:48.777Z", "updated_at": "2023-06-04T05:50:48.801Z", "is_active": true}}, {"model": "shop.productphoto", "pk": 85, "fields": {"product": 34, "photo": "products/photo_nVVOJbs.jpg", "created_at": "2023-06-04T05:50:48.802Z", "updated_at": "2023-06-04T05:50:48.804Z", "is_active": true}}, {"model": "shop.productphoto", "pk": 86, "fields": {"product": 35, "photo": "products/photo_5ui7PQJ.jpg", "created_at": "2023-06-04T05:51:55.551Z", "updated_at": "2023-06-04T05:51:55.554Z", "is_active": true}}, {"model": "shop.productphoto", "pk": 87, "fields": {"product": 36, "photo": "products/photo_KKuySYy.jpg", "created_at": "2023-06-04T05:52:59.330Z", "updated_at": "2023-06-04T05:52:59.334Z", "is_active": true}}, {"model": "shop.productphoto", "pk": 88, "fields": {"product": 36, "photo": "products/photo_pviESPx.jpg", "created_at": "2023-06-04T05:52:59.335Z", "updated_at": "2023-06-04T05:52:59.337Z", "is_active": true}}, {"model": "shop.productphoto", "pk": 89, "fields": {"product": 37, "photo": "products/photo_dIl9n02.jpg", "created_at": "2023-06-04T05:54:43.086Z", "updated_at": "2023-06-04T05:54:43.089Z", "is_active": true}}, {"model": "shop.productphoto", "pk": 90, "fields": {"product": 37, "photo": "products/photo_c2IB7ip.jpg", "created_at": "2023-06-04T05:54:43.090Z", "updated_at": "2023-06-04T05:54:43.092Z", "is_active": true}}, {"model": "shop.productphoto", "pk": 91, "fields": {"product": 37, "photo": "products/photo_bjh4Xgx.jpg", "created_at": "2023-06-04T05:54:43.092Z", "updated_at": "2023-06-04T05:54:43.094Z", "is_active": true}}, {"model": "shop.productphoto", "pk": 92, "fields": {"product": 37, "photo": "products/photo_75wrc4d.jpg", "created_at": "2023-06-04T05:54:43.094Z", "updated_at": "2023-06-04T05:54:43.096Z", "is_active": true}}, {"model": "shop.productphoto", "pk": 93, "fields": {"product": 38, "photo": "products/photo_5DjLIny.jpg", "created_at": "2023-06-04T05:56:12.352Z", "updated_at": "2023-06-04T05:56:12.355Z", "is_active": true}}, {"model": "shop.productphoto", "pk": 94, "fields": {"product": 38, "photo": "products/photo_Ynypiaj.jpg", "created_at": "2023-06-04T05:56:12.356Z", "updated_at": "2023-06-04T05:56:12.357Z", "is_active": true}}, {"model": "shop.productphoto", "pk": 95, "fields": {"product": 38, "photo": "products/photo_Jcj0TfX.jpg", "created_at": "2023-06-04T05:56:12.359Z", "updated_at": "2023-06-04T05:56:12.379Z", "is_active": true}}, {"model": "shop.productphoto", "pk": 96, "fields": {"product": 38, "photo": "products/photo_E4WGNWZ.jpg", "created_at": "2023-06-04T05:56:12.380Z", "updated_at": "2023-06-04T05:56:12.382Z", "is_active": true}}, {"model": "shop.productphoto", "pk": 97, "fields": {"product": 39, "photo": "products/photo_wgta9aA.jpg", "created_at": "2023-06-04T05:57:42.968Z", "updated_at": "2023-06-04T05:57:42.970Z", "is_active": true}}, {"model": "shop.productphoto", "pk": 98, "fields": {"product": 40, "photo": "products/photo_LoYZbMo.jpg", "created_at": "2023-06-04T05:58:30.855Z", "updated_at": "2023-06-04T05:58:30.858Z", "is_active": true}}, {"model": "shop.productphoto", "pk": 99, "fields": {"product": 41, "photo": "products/photo_AcaP5mT.jpg", "created_at": "2023-06-04T05:59:42.346Z", "updated_at": "2023-06-04T05:59:42.350Z", "is_active": true}}, {"model": "shop.productphoto", "pk": 100, "fields": {"product": 41, "photo": "products/photo_9Mb8xDo.jpg", "created_at": "2023-06-04T05:59:42.351Z", "updated_at": "2023-06-04T05:59:42.353Z", "is_active": true}}, {"model": "shop.productphoto", "pk": 101, "fields": {"product": 41, "photo": "products/photo_kx830mg.jpg", "created_at": "2023-06-04T05:59:42.354Z", "updated_at": "2023-06-04T05:59:42.355Z", "is_active": true}}, {"model": "shop.productphoto", "pk": 102, "fields": {"product": 41, "photo": "products/photo_Rq903D1.jpg", "created_at": "2023-06-04T05:59:42.356Z", "updated_at": "2023-06-04T05:59:42.357Z", "is_active": true}}, {"model": "shop.productphoto", "pk": 103, "fields": {"product": 42, "photo": "products/photo_ZUSEQU7.jpg", "created_at": "2023-06-04T06:01:07.247Z", "updated_at": "2023-06-04T06:01:07.250Z", "is_active": true}}, {"model": "shop.productphoto", "pk": 104, "fields": {"product": 42, "photo": "products/photo_ImhdIma.jpg", "created_at": "2023-06-04T06:01:07.251Z", "updated_at": "2023-06-04T06:01:07.253Z", "is_active": true}}, {"model": "shop.productphoto", "pk": 105, "fields": {"product": 42, "photo": "products/photo_pghJyZ2.jpg", "created_at": "2023-06-04T06:01:07.253Z", "updated_at": "2023-06-04T06:01:07.255Z", "is_active": true}}, {"model": "shop.productphoto", "pk": 106, "fields": {"product": 43, "photo": "products/photo_LvbVE1O.jpg", "created_at": "2023-06-04T06:02:10.999Z", "updated_at": "2023-06-04T06:02:11.003Z", "is_active": true}}, {"model": "shop.productphoto", "pk": 107, "fields": {"product": 43, "photo": "products/photo_Dvil4gj.jpg", "created_at": "2023-06-04T06:02:11.004Z", "updated_at": "2023-06-04T06:02:11.006Z", "is_active": true}}, {"model": "shop.productphoto", "pk": 108, "fields": {"product": 43, "photo": "products/photo_xTcahVD.jpg", "created_at": "2023-06-04T06:02:11.007Z", "updated_at": "2023-06-04T06:02:11.009Z", "is_active": true}}, {"model": "shop.productphoto", "pk": 109, "fields": {"product": 44, "photo": "products/photo_IxY3qmt.jpg", "created_at": "2023-06-04T06:03:35.438Z", "updated_at": "2023-06-04T06:03:35.441Z", "is_active": true}}, {"model": "shop.productphoto", "pk": 110, "fields": {"product": 44, "photo": "products/photo_275BBvh.jpg", "created_at": "2023-06-04T06:03:35.442Z", "updated_at": "2023-06-04T06:03:35.444Z", "is_active": true}}, {"model": "shop.productphoto", "pk": 111, "fields": {"product": 44, "photo": "products/photo_B2QtDk5.jpg", "created_at": "2023-06-04T06:03:35.444Z", "updated_at": "2023-06-04T06:03:35.463Z", "is_active": true}}, {"model": "shop.productphoto", "pk": 112, "fields": {"product": 45, "photo": "products/photo_xJhMnQd.jpg", "created_at": "2023-06-04T06:04:35.722Z", "updated_at": "2023-06-04T06:04:35.726Z", "is_active": true}}, {"model": "shop.productphoto", "pk": 113, "fields": {"product": 46, "photo": "products/photo_yfnAGDN.jpg", "created_at": "2023-06-04T06:06:46.152Z", "updated_at": "2023-06-04T06:06:46.156Z", "is_active": true}}, {"model": "shop.productphoto", "pk": 114, "fields": {"product": 46, "photo": "products/photo_Zwmg5T4.jpg", "created_at": "2023-06-04T06:06:46.157Z", "updated_at": "2023-06-04T06:06:46.159Z", "is_active": true}}, {"model": "shop.productphoto", "pk": 115, "fields": {"product": 47, "photo": "products/photo_yih1B1H.jpg", "created_at": "2023-06-04T06:09:17.399Z", "updated_at": "2023-06-04T06:09:17.403Z", "is_active": true}}, {"model": "shop.productphoto", "pk": 116, "fields": {"product": 47, "photo": "products/photo_7Wpt5O9.jpg", "created_at": "2023-06-04T06:09:17.404Z", "updated_at": "2023-06-04T06:09:17.406Z", "is_active": true}}]